사고부문,사고번호,사고일시,요일,시군구,사고내용,사망자수,중상자수,경상자수,부상신고자수,사고유형,법규위반,노면상태,기상상태,도로형태,가해운전자 차종,가해운전자 성별,가해운전자 연령,가해운전자 상해정도,피해운전자 차종,피해운전자 성별,피해운전자 연령,피해운전자 상해정도
렌터카사고,2020101300100341,2020년 10월 13일 15시,화요일,부산광역시 서구 동대신동3가,부상신고사고,0,0,0,1,차대차 - 측면충돌,안전운전불이행,건조,맑음,단일로 - 기타,승용,여,54세,부상신고,승합,남,60세,상해없음
렌터카사고,2020101400100066,2020년 10월 14일 07시,수요일,부산광역시 강서구 송정동,중상사고,0,1,0,0,차대차 - 측면충돌,신호위반,건조,맑음,교차로 - 교차로안,승용,남,24세,상해없음,승용,남,32세,중상
렌터카사고,2020101400100451,2020년 10월 14일 18시,수요일,부산광역시 사하구 다대동,중상사고,0,1,0,0,차대사람 - 기타,안전운전불이행,건조,맑음,단일로 - 기타,승용,남,62세,상해없음,보행자,남,69세,중상
렌터카사고,2020101400100553,2020년 10월 14일 20시,수요일,부산광역시 동래구 안락동,경상사고,0,0,1,0,차대차 - 기타,신호위반,건조,맑음,교차로 - 교차로부근,승용,남,47세,상해없음,이륜,남,29세,경상
렌터카사고,2.0201E+15,2020년 10월 15일 21시,목요일,부산광역시 동래구 사직동,경상사고,0,0,1,0,차대사람 - 보도통행중,안전운전불이행,건조,맑음,교차로 - 교차로안,승용,여,52세,상해없음,보행자,남,69세,경상
렌터카사고,2020101600100577,2020년 10월 16일 20시,금요일,부산광역시 금정구 남산동,경상사고,0,0,1,0,차대사람 - 기타,안전운전불이행,건조,맑음,교차로 - 교차로부근,승용,남,46세,상해없음,보행자,남,65세,경상
렌터카사고,2.0201E+15,2020년 10월 17일 12시,토요일,부산광역시 서구 부용동1가,중상사고,0,1,4,0,차대차 - 측면충돌,기타,건조,맑음,단일로 - 기타,승용,남,28세,상해없음,승용,남,48세,경상
렌터카사고,2020101900100455,2020년 10월 19일 16시,월요일,부산광역시 서구 부민동2가,중상사고,0,1,0,0,차대사람 - 기타,안전운전불이행,건조,맑음,교차로 - 교차로안,승용,남,50세,상해없음,보행자,남,80세,중상
렌터카사고,2020102000100011,2020년 10월 20일 01시,화요일,부산광역시 부산진구 가야동,경상사고,0,0,2,0,차대차 - 기타,안전운전불이행,건조,맑음,기타 - 기타,승용,남,29세,상해없음,승용,남,68세,경상
렌터카사고,2020102000100594,2020년 10월 20일 19시,화요일,부산광역시 남구 대연동,중상사고,0,1,0,0,차대차 - 측면충돌,안전운전불이행,건조,맑음,교차로 - 교차로안,승용,여,52세,상해없음,이륜,남,21세,중상
렌터카사고,2020102200100017,2020년 10월 22일 01시,목요일,부산광역시 중구 영주동,경상사고,0,0,1,0,차대차 - 추돌,안전운전불이행,젖음/습기,비,단일로 - 기타,승용,남,32세,상해없음,승용,여,39세,경상
렌터카사고,2020102200100568,2020년 10월 22일 20시,목요일,부산광역시 수영구 수영동,사망사고,1,0,0,0,차대사람 - 횡단중,안전운전불이행,건조,맑음,교차로 - 교차로횡단보도내,승용,남,54세,상해없음,보행자,여,84세,사망
렌터카사고,2020102300100405,2020년 10월 23일 15시,금요일,부산광역시 영도구 대교동2가,경상사고,0,0,2,0,차대차 - 기타,기타,건조,맑음,교차로 - 교차로안,승용,남,51세,경상,승용,남,57세,경상
렌터카사고,2020102600100102,2020년 10월 26일 08시,월요일,부산광역시 사상구 모라동,경상사고,0,0,1,0,차대사람 - 횡단중,안전운전불이행,건조,맑음,교차로 - 교차로안,승용,여,45세,상해없음,보행자,남,76세,경상
렌터카사고,2020102600100432,2020년 10월 26일 16시,월요일,부산광역시 수영구 남천동,경상사고,0,0,1,0,차대차 - 측면충돌,안전운전불이행,건조,맑음,단일로 - 기타,승합,남,66세,상해없음,승용,남,37세,경상
렌터카사고,2020102700100629,2020년 10월 27일 21시,화요일,부산광역시 강서구 신호동,경상사고,0,0,1,0,차대사람 - 기타,안전운전불이행,건조,맑음,단일로 - 기타,승용,남,47세,상해없음,보행자,남,18세,경상
렌터카사고,2020102800100604,2020년 10월 28일 20시,수요일,부산광역시 사상구 엄궁동,경상사고,0,0,1,0,차대사람 - 보도통행중,안전운전불이행,건조,맑음,기타 - 기타,승용,남,54세,상해없음,보행자,여,21세,경상
렌터카사고,2020102800100632,2020년 10월 28일 21시,수요일,부산광역시 연제구 연산동,경상사고,0,0,2,0,차대차 - 추돌,안전운전불이행,건조,맑음,교차로 - 교차로부근,승용,남,24세,상해없음,승용,남,67세,경상
렌터카사고,2020103000100198,2020년 10월 30일 10시,금요일,부산광역시 금정구 부곡동,경상사고,0,0,2,0,차대차 - 측면충돌,교차로운행방법위반,건조,맑음,교차로 - 교차로안,승용,여,64세,경상,승용,여,38세,경상
렌터카사고,2020110100100235,2020년 11월 1일 14시,일요일,부산광역시 북구 금곡동,중상사고,0,1,0,0,차대차 - 기타,불법유턴,건조,맑음,단일로 - 기타,승용,남,55세,상해없음,승합,여,55세,상해없음
렌터카사고,2020110300100098,2020년 11월 3일 08시,화요일,부산광역시 해운대구 우동,부상신고사고,0,0,0,1,차대차 - 추돌,안전거리미확보,건조,맑음,단일로 - 교량,승용,여,54세,부상신고,승용,남,58세,상해없음
렌터카사고,2020110400100242,2020년 11월 4일 11시,수요일,부산광역시 사상구 학장동,중상사고,0,1,0,0,차대사람 - 횡단중,보행자보호의무위반,건조,맑음,교차로 - 교차로횡단보도내,승용,남,37세,상해없음,보행자,여,78세,중상
렌터카사고,2.02011E+15,2020년 11월 4일 19시,수요일,부산광역시 수영구 광안동,경상사고,0,0,1,0,차대사람 - 기타,안전운전불이행,건조,맑음,교차로 - 교차로부근,승용,남,23세,상해없음,보행자,남,49세,경상
렌터카사고,2020110500100068,2020년 11월 5일 07시,목요일,부산광역시 해운대구 중동,경상사고,0,0,1,0,차대사람 - 횡단중,보행자보호의무위반,건조,맑음,단일로 - 기타,승용,여,52세,상해없음,보행자,남,18세,경상
렌터카사고,2020110700100082,2020년 11월 7일 07시,토요일,부산광역시 연제구 연산동,중상사고,0,1,0,1,차대차 - 측면충돌,직진우회전진행방해,건조,맑음,교차로 - 교차로안,승용,여,56세,부상신고,승용,남,45세,중상
렌터카사고,2020110700100443,2020년 11월 7일 17시,토요일,부산광역시 부산진구 가야동,중상사고,0,2,0,0,차대차 - 정면충돌,안전운전불이행,건조,맑음,기타 - 기타,승용,남,31세,상해없음,승용,여,40세,중상
렌터카사고,2020110700100629,2020년 11월 7일 21시,토요일,부산광역시 금정구 부곡동,경상사고,0,0,1,0,차대사람 - 기타,안전운전불이행,건조,맑음,기타 - 기타,승용,남,44세,상해없음,보행자,남,25세,경상
렌터카사고,2020110900100004,2020년 11월 9일 00시,월요일,부산광역시 영도구 남항동1가,중상사고,0,2,0,0,차대차 - 측면충돌,신호위반,건조,맑음,교차로 - 교차로안,승용,여,42세,상해없음,승용,여,53세,중상
렌터카사고,2020110900100647,2020년 11월 9일 21시,월요일,부산광역시 기장군 기장읍,중상사고,0,1,2,0,차대차 - 측면충돌,안전운전불이행,건조,맑음,교차로 - 교차로안,승용,남,29세,상해없음,승용,남,59세,상해없음
렌터카사고,2.02011E+15,2020년 11월 10일 11시,화요일,부산광역시 금정구 부곡동,경상사고,0,0,1,0,차대차 - 측면충돌,교차로운행방법위반,건조,맑음,교차로 - 교차로안,승용,여,61세,상해없음,승용,여,67세,경상
렌터카사고,2020111000100338,2020년 11월 10일 14시,화요일,부산광역시 중구 대창동1가,경상사고,0,0,1,0,차대차 - 기타,안전거리미확보,건조,맑음,단일로 - 기타,승용,남,27세,상해없음,이륜,남,66세,경상
렌터카사고,2020111000100471,2020년 11월 10일 17시,화요일,부산광역시 사하구 다대동,경상사고,0,0,1,0,차대차 - 기타,신호위반,건조,맑음,교차로 - 교차로부근,승용,남,39세,상해없음,승용,남,64세,경상
렌터카사고,2020111100100359,2020년 11월 11일 14시,수요일,부산광역시 부산진구 개금동,경상사고,0,0,3,0,차대차 - 추돌,안전운전불이행,건조,맑음,단일로 - 기타,승용,남,38세,상해없음,승용,남,37세,경상
렌터카사고,2020111200100213,2020년 11월 12일 11시,목요일,부산광역시 해운대구 우동,경상사고,0,0,4,0,차대차 - 추돌,안전거리미확보,건조,맑음,단일로 - 기타,승용,남,38세,상해없음,승용,남,23세,경상
렌터카사고,2020111200100317,2020년 11월 12일 14시,목요일,부산광역시 부산진구 부전동,경상사고,0,0,2,0,차대사람 - 차도통행중,안전운전불이행,건조,맑음,단일로 - 기타,승용,남,38세,상해없음,보행자,여,75세,경상
렌터카사고,2020111200100319,2020년 11월 12일 14시,목요일,부산광역시 연제구 연산동,경상사고,0,0,2,0,차대차 - 측면충돌,교차로운행방법위반,건조,맑음,교차로 - 교차로안,승용,남,48세,상해없음,승용,남,56세,경상
렌터카사고,2020111200100579,2020년 11월 12일 19시,목요일,부산광역시 해운대구 반여동,경상사고,0,0,1,0,차대차 - 측면충돌,안전거리미확보,건조,맑음,교차로 - 교차로안,승용,남,28세,상해없음,승용,여,28세,경상
렌터카사고,2020111200100611,2020년 11월 12일 20시,목요일,부산광역시 사하구 장림동,경상사고,0,0,3,0,차대차 - 측면충돌,안전운전불이행,건조,기타,교차로 - 교차로안,승용,남,42세,경상,승합,남,48세,경상
렌터카사고,2020111300100099,2020년 11월 13일 08시,금요일,부산광역시 부산진구 개금동,경상사고,0,0,1,0,차대차 - 정면충돌,안전운전불이행,건조,맑음,단일로 - 기타,승용,남,55세,상해없음,승용,여,43세,경상
렌터카사고,2.02011E+15,2020년 11월 14일 23시,토요일,부산광역시 사상구 덕포동,사망사고,1,0,0,0,차대사람 - 기타,안전운전불이행,건조,맑음,단일로 - 기타,승용,남,34세,상해없음,보행자,남,49세,사망
렌터카사고,2020111500100015,2020년 11월 15일 02시,일요일,부산광역시 동래구 안락동,경상사고,0,0,5,0,차대차 - 측면충돌,신호위반,건조,맑음,교차로 - 교차로안,승용,남,25세,상해없음,승용,남,65세,경상
렌터카사고,2020111500100191,2020년 11월 15일 14시,일요일,부산광역시 동래구 온천동,중상사고,0,1,0,0,차대사람 - 기타,안전운전불이행,건조,맑음,교차로 - 교차로부근,승용,남,47세,상해없음,보행자,남,35세,중상
렌터카사고,2.02011E+15,2020년 11월 15일 23시,일요일,부산광역시 연제구 연산동,중상사고,0,1,0,0,차대사람 - 길가장자리구역통행중,안전운전불이행,건조,맑음,단일로 - 기타,승용,남,25세,상해없음,보행자,여,74세,중상
렌터카사고,2020111600100038,2020년 11월 16일 06시,월요일,부산광역시 금정구 장전동,경상사고,0,0,1,0,차대차 - 측면충돌,교차로운행방법위반,건조,맑음,교차로 - 교차로안,승용,남,50세,상해없음,승용,남,61세,경상
렌터카사고,2020111600100496,2020년 11월 16일 18시,월요일,부산광역시 북구 화명동,경상사고,0,0,1,0,차대사람 - 기타,안전운전불이행,건조,맑음,단일로 - 기타,승용,남,34세,상해없음,보행자,여,57세,경상
렌터카사고,2020111600100562,2020년 11월 16일 19시,월요일,부산광역시 서구 동대신동1가,경상사고,0,0,1,0,차대사람 - 기타,안전운전불이행,건조,맑음,단일로 - 기타,승용,남,42세,상해없음,보행자,여,31세,경상
렌터카사고,2020111700100229,2020년 11월 17일 12시,화요일,부산광역시 사하구 하단동,경상사고,0,0,1,0,차대차 - 기타,안전거리미확보,건조,맑음,단일로 - 기타,승용,남,50세,상해없음,승용,여,40세,경상
렌터카사고,2020111900100408,2020년 11월 19일 15시,목요일,부산광역시 강서구 송정동,경상사고,0,0,1,0,차대차 - 기타,안전운전불이행,젖음/습기,흐림,단일로 - 기타,승용,남,35세,상해없음,승용,여,46세,경상
렌터카사고,2020112000100378,2020년 11월 20일 16시,금요일,부산광역시 기장군 정관읍,부상신고사고,0,0,0,2,차대차 - 추돌,안전운전불이행,건조,맑음,교차로 - 교차로안,승용,여,50세,상해없음,승용,남,48세,부상신고
렌터카사고,2020112000100618,2020년 11월 20일 20시,금요일,부산광역시 해운대구 우동,부상신고사고,0,0,0,1,차대차 - 측면충돌,안전거리미확보,건조,맑음,단일로 - 기타,승용,남,19세,상해없음,이륜,남,43세,부상신고
렌터카사고,2020112100100024,2020년 11월 21일 01시,토요일,부산광역시 해운대구 우동,경상사고,0,0,1,0,차대차 - 측면충돌,안전운전불이행,건조,맑음,단일로 - 기타,승용,남,34세,기타불명,원동기,남,36세,경상
렌터카사고,2020112200100333,2020년 11월 22일 19시,일요일,부산광역시 서구 암남동,중상사고,0,1,0,0,차대차 - 후진중충돌,안전운전불이행,건조,맑음,단일로 - 기타,승용,남,24세,상해없음,이륜,남,57세,중상
렌터카사고,2020112400100088,2020년 11월 24일 08시,화요일,부산광역시 사상구 학장동,경상사고,0,0,1,0,차대차 - 추돌,안전운전불이행,건조,맑음,단일로 - 기타,승용,남,67세,상해없음,승용,남,48세,경상
렌터카사고,2020112400100238,2020년 11월 24일 13시,화요일,부산광역시 동래구 온천동,부상신고사고,0,0,0,1,차대사람 - 기타,안전운전불이행,건조,맑음,교차로 - 교차로안,승용,남,54세,상해없음,보행자,남,59세,부상신고
렌터카사고,2020112400100622,2020년 11월 24일 23시,화요일,부산광역시 해운대구 우동,경상사고,0,0,1,0,차대차 - 기타,안전거리미확보,건조,맑음,교차로 - 교차로부근,승용,남,43세,상해없음,이륜,남,57세,경상
렌터카사고,2020112500100285,2020년 11월 25일 14시,수요일,부산광역시 기장군 기장읍,부상신고사고,0,0,0,2,차대차 - 기타,안전운전불이행,건조,맑음,교차로 - 교차로부근,승용,남,50세,상해없음,승용,남,35세,부상신고
렌터카사고,2020112600100424,2020년 11월 26일 18시,목요일,부산광역시 수영구 광안동,경상사고,0,0,1,0,차대차 - 추돌,안전운전불이행,건조,맑음,단일로 - 기타,승용,남,35세,상해없음,승용,남,41세,경상
렌터카사고,2020112800100022,2020년 11월 28일 02시,토요일,부산광역시 부산진구 양정동,중상사고,0,2,2,0,차대차 - 측면충돌,신호위반,건조,맑음,교차로 - 교차로안,승용,남,26세,기타불명,승용,남,69세,경상
렌터카사고,2020112800100034,2020년 11월 28일 05시,토요일,부산광역시 동래구 사직동,경상사고,0,0,1,0,차대차 - 기타,교차로운행방법위반,건조,맑음,교차로 - 교차로안,승용,남,36세,상해없음,화물,남,54세,경상
렌터카사고,2020112900100258,2020년 11월 29일 17시,일요일,부산광역시 수영구 남천동,경상사고,0,0,2,0,차대차 - 측면충돌,안전거리미확보,건조,맑음,교차로 - 교차로부근,승용,남,23세,상해없음,승용,남,65세,경상
렌터카사고,2020113000100019,2020년 11월 30일 03시,월요일,부산광역시 남구 문현동,경상사고,0,0,1,0,차대차 - 측면충돌,안전운전불이행,건조,맑음,단일로 - 기타,승합,남,64세,상해없음,승용,남,28세,경상
렌터카사고,2020113000100229,2020년 11월 30일 12시,월요일,부산광역시 연제구 연산동,경상사고,0,0,1,0,차대사람 - 횡단중,보행자보호의무위반,건조,맑음,단일로 - 기타,승용,남,35세,상해없음,보행자,여,46세,경상
렌터카사고,2020120100100318,2020년 12월 1일 14시,화요일,부산광역시 부산진구 부암동,중상사고,0,1,0,0,차대차 - 기타,안전운전불이행,건조,맑음,단일로 - 기타,승용,남,71세,중상,건설기계,남,54세,상해없음
렌터카사고,2020120200100532,2020년 12월 2일 21시,수요일,부산광역시 기장군 정관읍,경상사고,0,0,1,0,차대차 - 추돌,신호위반,건조,맑음,교차로 - 교차로안,승용,여,50세,상해없음,승용,여,59세,경상
렌터카사고,2020120400100568,2020년 12월 4일 20시,금요일,부산광역시 강서구 대저1동,중상사고,0,1,0,0,차대사람 - 기타,안전운전불이행,건조,맑음,단일로 - 기타,승용,남,27세,상해없음,보행자,남,37세,중상
렌터카사고,2020120400100639,2020년 12월 4일 22시,금요일,부산광역시 중구 영주동,중상사고,0,1,0,0,차대차 - 측면충돌,안전운전불이행,건조,맑음,교차로 - 교차로부근,승용,남,45세,상해없음,이륜,남,38세,중상
렌터카사고,2020120500100038,2020년 12월 5일 04시,토요일,부산광역시 부산진구 전포동,경상사고,0,0,2,0,차대차 - 기타,신호위반,건조,맑음,교차로 - 교차로안,승용,남,24세,상해없음,승용,남,23세,경상
렌터카사고,2020120600100153,2020년 12월 6일 13시,일요일,부산광역시 강서구 대저1동,경상사고,0,0,2,0,차대차 - 기타,안전운전불이행,건조,맑음,단일로 - 기타,승용,남,23세,상해없음,승용,여,33세,경상
렌터카사고,2020120800100552,2020년 12월 8일 20시,화요일,부산광역시 북구 화명동,중상사고,0,1,0,0,차대차 - 기타,중앙선침범,건조,맑음,단일로 - 기타,승용,남,49세,상해없음,원동기,남,18세,중상
렌터카사고,2.02012E+15,2020년 12월 9일 18시,수요일,부산광역시 연제구 거제동,경상사고,0,0,1,0,차대차 - 추돌,안전거리미확보,건조,맑음,단일로 - 기타,승용,남,71세,상해없음,승용,남,45세,경상
렌터카사고,2020120900100478,2020년 12월 9일 19시,수요일,부산광역시 동래구 사직동,중상사고,0,1,0,0,차대차 - 측면충돌,신호위반,건조,맑음,교차로 - 교차로부근,승용,여,49세,상해없음,원동기,남,27세,중상
렌터카사고,2020121100100466,2020년 12월 11일 19시,금요일,부산광역시 강서구 구랑동,경상사고,0,0,1,0,차대차 - 추돌,안전운전불이행,건조,맑음,단일로 - 기타,승용,남,47세,상해없음,특수,남,47세,경상
렌터카사고,2020121200100222,2020년 12월 12일 14시,토요일,부산광역시 동래구 온천동,경상사고,0,0,1,0,차대차 - 기타,안전거리미확보,건조,맑음,단일로 - 기타,승용,여,19세,상해없음,승합,남,31세,경상
렌터카사고,2.02012E+15,2020년 12월 12일 19시,토요일,부산광역시 남구 용호동,경상사고,0,0,1,0,차대차 - 추돌,안전운전불이행,건조,맑음,단일로 - 기타,승용,남,42세,상해없음,승용,여,49세,경상
렌터카사고,2020121200100431,2020년 12월 12일 20시,토요일,부산광역시 해운대구 반여동,경상사고,0,0,1,0,차대사람 - 기타,안전운전불이행,건조,맑음,단일로 - 기타,승용,남,51세,상해없음,보행자,여,56세,경상
렌터카사고,2020121400100005,2020년 12월 14일 01시,월요일,부산광역시 기장군 기장읍,중상사고,0,2,0,0,차량단독 - 전도전복 - 전도,과속,건조,맑음,단일로 - 기타,승용,남,23세,기타불명,,,,
렌터카사고,2020121500100107,2020년 12월 15일 10시,화요일,부산광역시 해운대구 재송동,경상사고,0,0,1,0,차대차 - 추돌,안전운전불이행,건조,맑음,교차로 - 교차로부근,승용,남,71세,상해없음,승용,남,37세,경상
렌터카사고,2.02012E+15,2020년 12월 16일 11시,수요일,부산광역시 연제구 거제동,중상사고,0,1,0,0,차대차 - 기타,안전거리미확보,건조,맑음,단일로 - 기타,승용,남,40세,상해없음,원동기,남,25세,중상
렌터카사고,2020121600100151,2020년 12월 16일 11시,수요일,부산광역시 사상구 괘법동,경상사고,0,0,1,0,차대사람 - 길가장자리구역통행중,안전운전불이행,건조,맑음,단일로 - 기타,승용,남,43세,상해없음,보행자,여,62세,경상
렌터카사고,2.02012E+15,2020년 12월 18일 19시,금요일,부산광역시 동래구 명장동,경상사고,0,0,1,0,차대차 - 측면충돌,차로위반,건조,맑음,단일로 - 기타,승용,남,37세,상해없음,승용,남,46세,경상
렌터카사고,2.02012E+15,2020년 12월 19일 12시,토요일,부산광역시 사상구 감전동,중상사고,0,1,0,0,차대차 - 추돌,안전운전불이행,건조,맑음,교차로 - 교차로부근,승용,남,19세,상해없음,승용,여,48세,중상
렌터카사고,2020122100100006,2020년 12월 21일 00시,월요일,부산광역시 부산진구 양정동,경상사고,0,0,1,0,차대차 - 추돌,안전운전불이행,건조,맑음,단일로 - 기타,승용,남,35세,상해없음,이륜,남,21세,경상
렌터카사고,2020122200100021,2020년 12월 22일 05시,화요일,부산광역시 부산진구 초읍동,중상사고,0,1,0,0,차대사람 - 횡단중,안전운전불이행,건조,맑음,교차로 - 교차로부근,승용,남,26세,상해없음,보행자,여,40세,중상
렌터카사고,2020122400100302,2020년 12월 24일 15시,목요일,부산광역시 해운대구 우동,경상사고,0,0,1,0,차대차 - 측면충돌,안전운전불이행,건조,맑음,교차로 - 교차로안,승용,남,24세,상해없음,화물,남,37세,경상
렌터카사고,2020122500100387,2020년 12월 25일 23시,금요일,부산광역시 서구 암남동,경상사고,0,0,1,0,차대차 - 측면충돌,안전운전불이행,건조,맑음,단일로 - 교량,승용,남,40세,상해없음,승용,여,30세,경상
렌터카사고,2020122600100061,2020년 12월 26일 09시,토요일,부산광역시 사하구 신평동,중상사고,0,1,0,0,차대차 - 측면충돌,기타,건조,맑음,단일로 - 기타,승용,남,40세,상해없음,승용,남,65세,중상
렌터카사고,2020122600100121,2020년 12월 26일 12시,토요일,부산광역시 해운대구 우동,경상사고,0,0,1,0,차대차 - 측면충돌,안전거리미확보,건조,맑음,단일로 - 기타,승용,남,23세,상해없음,승용,여,25세,경상
렌터카사고,2020122600100424,2020년 12월 26일 23시,토요일,부산광역시 사상구 모라동,경상사고,0,0,2,0,차대차 - 기타,안전운전불이행,건조,맑음,단일로 - 고가도로위,승용,남,32세,상해없음,승용,남,60세,경상
렌터카사고,2020122700100013,2020년 12월 27일 02시,일요일,부산광역시 중구 남포동6가,중상사고,0,1,1,0,차대차 - 기타,신호위반,건조,맑음,교차로 - 교차로안,승용,남,40세,상해없음,승용,남,65세,중상
렌터카사고,2020122700100018,2020년 12월 27일 03시,일요일,부산광역시 부산진구 부전동,경상사고,0,0,1,0,차대사람 - 차도통행중,안전운전불이행,건조,맑음,교차로 - 교차로부근,승용,남,21세,기타불명,보행자,남,24세,경상
렌터카사고,2020122700100116,2020년 12월 27일 15시,일요일,부산광역시 사하구 괴정동,경상사고,0,0,1,0,차대차 - 기타,안전운전불이행,건조,맑음,교차로 - 교차로부근,승용,남,42세,상해없음,승용,여,62세,경상
렌터카사고,2.02012E+15,2020년 12월 28일 09시,월요일,부산광역시 연제구 연산동,중상사고,0,2,0,0,차대차 - 측면충돌,교차로운행방법위반,건조,맑음,교차로 - 교차로안,승용,남,37세,상해없음,이륜,남,33세,중상
렌터카사고,2020122800100174,2020년 12월 28일 11시,월요일,부산광역시 연제구 연산동,부상신고사고,0,0,0,1,차대사람 - 기타,불법유턴,건조,맑음,단일로 - 기타,승용,남,49세,상해없음,보행자,남,57세,부상신고
렌터카사고,2020122900100424,2020년 12월 29일 21시,화요일,부산광역시 부산진구 부전동,경상사고,0,0,1,0,차대사람 - 기타,안전운전불이행,젖음/습기,비,교차로 - 교차로안,승용,남,42세,상해없음,보행자,남,26세,경상
렌터카사고,2020123000100138,2020년 12월 30일 11시,수요일,부산광역시 부산진구 전포동,중상사고,0,1,0,0,차대차 - 기타,안전운전불이행,건조,맑음,교차로 - 교차로부근,승용,남,37세,상해없음,이륜,남,20세,중상
렌터카사고,2020123000100525,2020년 12월 30일 22시,수요일,부산광역시 강서구 대저2동,중상사고,0,1,0,0,차대차 - 추돌,안전운전불이행,건조,맑음,교차로 - 교차로부근,승용,남,55세,상해없음,승용,여,41세,중상
렌터카사고,2021010200100012,2021년 1월 2일 02시,토요일,부산광역시 사하구 감천동,중상사고,0,1,0,0,차대사람 - 횡단중,기타,건조,맑음,단일로 - 기타,승용,남,34세,상해없음,보행자,남,17세,중상
렌터카사고,2021010200100102,2021년 1월 2일 12시,토요일,부산광역시 수영구 망미동,중상사고,0,2,1,0,차대차 - 추돌,안전운전불이행,건조,맑음,단일로 - 기타,승용,남,29세,상해없음,승용,여,32세,중상
렌터카사고,2021010200100319,2021년 1월 2일 19시,토요일,부산광역시 남구 문현동,경상사고,0,0,1,0,차대차 - 측면충돌,안전운전불이행,건조,맑음,단일로 - 교량,승용,남,21세,기타불명,승용,남,25세,경상
렌터카사고,2021010200100422,2021년 1월 2일 22시,토요일,부산광역시 해운대구 재송동,경상사고,0,0,1,0,차대차 - 추돌,안전운전불이행,건조,맑음,단일로 - 기타,승용,남,41세,상해없음,승용,남,27세,상해없음
렌터카사고,2021010400100109,2021년 1월 4일 11시,월요일,부산광역시 남구 문현동,경상사고,0,0,2,0,차대차 - 측면충돌,안전운전불이행,건조,맑음,교차로 - 교차로안,승용,남,50세,경상,화물,남,36세,경상
렌터카사고,2021010500100002,2021년 1월 5일 00시,화요일,부산광역시 기장군 정관읍,경상사고,0,0,1,0,차대차 - 추돌,안전운전불이행,건조,맑음,교차로 - 교차로부근,승용,남,44세,상해없음,승용,남,38세,경상
렌터카사고,2021010700100052,2021년 1월 7일 08시,목요일,부산광역시 북구 구포동,경상사고,0,0,1,0,차대차 - 기타,교차로운행방법위반,젖음/습기,눈,교차로 - 교차로안,승용,여,34세,상해없음,화물,남,63세,경상
렌터카사고,2021010700100255,2021년 1월 7일 16시,목요일,부산광역시 연제구 연산동,중상사고,0,1,0,0,차대사람 - 기타,안전운전불이행,건조,맑음,단일로 - 기타,승용,남,36세,상해없음,보행자,여,57세,중상
렌터카사고,2021010800100134,2021년 1월 8일 12시,금요일,부산광역시 부산진구 부전동,경상사고,0,0,1,0,차대사람 - 기타,안전운전불이행,건조,맑음,단일로 - 기타,승용,여,21세,상해없음,보행자,여,22세,경상
렌터카사고,2021010800100431,2021년 1월 8일 20시,금요일,부산광역시 연제구 연산동,경상사고,0,0,1,0,차대사람 - 횡단중,안전운전불이행,건조,맑음,교차로 - 교차로부근,승용,남,27세,상해없음,보행자,여,50세,경상
렌터카사고,2021010800100476,2021년 1월 8일 21시,금요일,부산광역시 강서구 강동동,중상사고,0,1,1,0,차대차 - 추돌,안전운전불이행,건조,맑음,교차로 - 교차로부근,승용,남,29세,상해없음,승용,남,29세,중상
렌터카사고,2021010900100433,2021년 1월 9일 21시,토요일,부산광역시 연제구 연산동,중상사고,0,1,0,0,차대사람 - 횡단중,보행자보호의무위반,건조,맑음,교차로 - 교차로부근,승용,남,47세,상해없음,보행자,남,56세,중상
렌터카사고,2.02101E+15,2021년 1월 10일 21시,일요일,부산광역시 남구 용호동,경상사고,0,0,1,0,차대차 - 추돌,안전운전불이행,건조,맑음,단일로 - 기타,승용,남,36세,상해없음,승용,남,26세,경상
렌터카사고,2.02101E+15,2021년 1월 12일 21시,화요일,부산광역시 기장군 기장읍,경상사고,0,0,1,0,차대차 - 추돌,안전운전불이행,건조,맑음,교차로 - 교차로부근,승용,남,40세,상해없음,화물,남,49세,경상
렌터카사고,2021011500100244,2021년 1월 15일 14시,금요일,부산광역시 수영구 광안동,경상사고,0,0,1,0,차대사람 - 횡단중,보행자보호의무위반,건조,맑음,교차로 - 교차로안,승용,남,35세,상해없음,보행자,여,60세,경상
렌터카사고,2021011500100284,2021년 1월 15일 15시,금요일,부산광역시 강서구 명지동,경상사고,0,0,1,0,차대차 - 측면충돌,안전거리미확보,건조,맑음,단일로 - 기타,승용,남,51세,상해없음,승용,남,29세,경상