사고부문,사고번호,사고일시,요일,시군구,사고내용,사망자수,중상자수,경상자수,부상신고자수,사고유형,법규위반,노면상태,기상상태,도로형태,가해운전자 차종,가해운전자 성별,가해운전자 연령,가해운전자 상해정도,피해운전자 차종,피해운전자 성별,피해운전자 연령,피해운전자 상해정도
렌터카사고,2021011600100419,2021년 1월 16일 21시,토요일,부산광역시 남구 대연동,중상사고,0,2,1,0,차대차 - 측면충돌,신호위반,건조,맑음,단일로 - 기타,승용,남,23세,상해없음,승용,남,47세,경상
렌터카사고,2021011800100185,2021년 1월 18일 14시,월요일,부산광역시 부산진구 부암동,경상사고,0,0,1,0,차대차 - 기타,안전운전불이행,건조,기타,단일로 - 기타,승용,여,54세,경상,건설기계,남,62세,상해없음
렌터카사고,2021012100100286,2021년 1월 21일 15시,목요일,부산광역시 동래구 온천동,중상사고,0,1,0,0,차대사람 - 기타,안전운전불이행,건조,흐림,단일로 - 기타,승용,남,25세,상해없음,보행자,여,61세,중상
렌터카사고,2021012200100029,2021년 1월 22일 06시,금요일,부산광역시 동구 범일동,경상사고,0,0,1,0,차대차 - 추돌,안전거리미확보,젖음/습기,비,단일로 - 기타,승용,남,45세,상해없음,승용,남,63세,경상
렌터카사고,2021012200100159,2021년 1월 22일 12시,금요일,부산광역시 강서구 명지동,중상사고,0,1,0,0,차대사람 - 기타,안전운전불이행,젖음/습기,비,단일로 - 기타,승용,여,40세,상해없음,보행자,여,48세,중상
렌터카사고,2021012200100205,2021년 1월 22일 14시,금요일,부산광역시 서구 동대신동3가,부상신고사고,0,0,0,1,차대차 - 추돌,안전운전불이행,건조,맑음,교차로 - 교차로부근,승용,남,19세,상해없음,이륜,남,28세,부상신고
렌터카사고,2.02101E+15,2021년 1월 22일 16시,금요일,부산광역시 연제구 연산동,중상사고,0,1,0,0,차대차 - 추돌,안전운전불이행,건조,맑음,교차로 - 교차로부근,승용,남,41세,상해없음,승용,남,41세,중상
렌터카사고,2021012200100591,2021년 1월 22일 23시,금요일,부산광역시 북구 만덕동,중상사고,0,1,0,0,차대차 - 추돌,안전운전불이행,젖음/습기,흐림,교차로 - 교차로안,승용,남,45세,상해없음,승용,남,40세,중상
렌터카사고,2021012300100013,2021년 1월 23일 01시,토요일,부산광역시 부산진구 연지동,경상사고,0,0,2,0,차대차 - 측면충돌,신호위반,젖음/습기,흐림,교차로 - 교차로안,승용,남,28세,상해없음,승용,남,52세,경상
렌터카사고,2.02101E+15,2021년 1월 23일 12시,토요일,부산광역시 동래구 온천동,경상사고,0,0,1,0,차대사람 - 차도통행중,안전운전불이행,젖음/습기,비,단일로 - 기타,승용,남,49세,상해없음,보행자,여,72세,경상
렌터카사고,2.02101E+15,2021년 1월 23일 16시,토요일,부산광역시 영도구 남항동2가,경상사고,0,0,1,0,차대차 - 측면충돌,안전운전불이행,건조,맑음,교차로 - 교차로안,승용,여,39세,경상,승용,남,58세,상해없음
렌터카사고,2021012500100372,2021년 1월 25일 17시,월요일,부산광역시 해운대구 우동,경상사고,0,0,1,0,차대차 - 측면충돌,신호위반,건조,맑음,교차로 - 교차로부근,승용,여,50세,상해없음,자전거,남,17세,경상
렌터카사고,2021012600100349,2021년 1월 26일 17시,화요일,부산광역시 강서구 대저2동,경상사고,0,0,1,0,차대차 - 측면충돌,안전거리미확보,젖음/습기,비,단일로 - 기타,승용,남,39세,상해없음,화물,남,60세,경상
렌터카사고,2021012600100442,2021년 1월 26일 19시,화요일,부산광역시 남구 대연동,경상사고,0,0,1,0,차대차 - 기타,신호위반,건조,맑음,교차로 - 교차로안,승용,남,28세,상해없음,이륜,남,24세,경상
렌터카사고,2021012700100363,2021년 1월 27일 18시,수요일,부산광역시 남구 문현동,경상사고,0,0,1,0,차대차 - 측면충돌,안전운전불이행,건조,맑음,단일로 - 기타,승용,남,38세,상해없음,이륜,남,30세,경상
렌터카사고,2021012700100412,2021년 1월 27일 19시,수요일,부산광역시 북구 구포동,경상사고,0,0,1,0,차대차 - 추돌,안전거리미확보,건조,맑음,단일로 - 기타,승용,남,32세,상해없음,승합,남,58세,경상
렌터카사고,2021012800100222,2021년 1월 28일 13시,목요일,부산광역시 동래구 온천동,경상사고,0,0,1,0,차대차 - 기타,안전운전불이행,건조,맑음,단일로 - 기타,승용,여,63세,기타불명,승용,남,41세,경상
렌터카사고,2.02101E+15,2021년 1월 29일 05시,금요일,부산광역시 동래구 명장동,경상사고,0,0,1,0,차대차 - 기타,안전운전불이행,건조,맑음,단일로 - 기타,승용,남,27세,상해없음,화물,남,52세,경상
렌터카사고,2021012900100191,2021년 1월 29일 11시,금요일,부산광역시 영도구 동삼동,경상사고,0,0,1,0,차대차 - 측면충돌,안전거리미확보,건조,맑음,단일로 - 기타,승용,남,27세,상해없음,이륜,남,41세,경상
렌터카사고,2021012900100275,2021년 1월 29일 14시,금요일,부산광역시 사하구 장림동,경상사고,0,0,2,0,차대차 - 측면충돌,신호위반,건조,맑음,교차로 - 교차로안,승용,남,31세,상해없음,승용,남,76세,경상
렌터카사고,2.02101E+15,2021년 1월 30일 17시,토요일,부산광역시 부산진구 범천동,경상사고,0,0,3,0,차대차 - 측면충돌,안전운전불이행,기타,맑음,단일로 - 기타,승용,남,53세,상해없음,승용,남,27세,경상
렌터카사고,2021013100100031,2021년 1월 31일 04시,일요일,부산광역시 금정구 부곡동,경상사고,0,0,1,0,차대차 - 정면충돌,안전운전불이행,건조,맑음,단일로 - 기타,승용,남,33세,상해없음,승용,남,39세,경상
렌터카사고,2021013100100202,2021년 1월 31일 16시,일요일,부산광역시 부산진구 부암동,경상사고,0,0,1,0,차대사람 - 기타,안전운전불이행,건조,맑음,단일로 - 기타,승용,남,60세,상해없음,보행자,여,88세,경상
렌터카사고,2021013100100203,2021년 1월 31일 16시,일요일,부산광역시 기장군 기장읍,경상사고,0,0,1,0,차대차 - 측면충돌,안전거리미확보,건조,맑음,교차로 - 교차로부근,승용,남,53세,상해없음,승용,남,29세,경상
렌터카사고,2021020100100289,2021년 2월 1일 17시,월요일,부산광역시 연제구 거제동,경상사고,0,0,1,0,차대차 - 기타,안전운전불이행,젖음/습기,흐림,교차로 - 교차로안,승용,남,57세,상해없음,이륜,남,45세,경상
렌터카사고,2021020300100021,2021년 2월 3일 06시,수요일,부산광역시 동래구 안락동,중상사고,0,1,0,0,차대차 - 기타,안전운전불이행,건조,맑음,단일로 - 기타,승용,남,40세,상해없음,기타불명,남,77세,중상
렌터카사고,2021020300100334,2021년 2월 3일 17시,수요일,부산광역시 부산진구 부전동,경상사고,0,0,1,0,차대사람 - 횡단중,보행자보호의무위반,건조,맑음,교차로 - 교차로횡단보도내,승용,남,22세,상해없음,보행자,여,36세,경상
렌터카사고,2021020300100335,2021년 2월 3일 17시,수요일,부산광역시 금정구 부곡동,중상사고,0,1,1,0,차대차 - 추돌,안전운전불이행,건조,맑음,단일로 - 기타,승용,남,46세,상해없음,승용,여,58세,경상
렌터카사고,2021020300100505,2021년 2월 3일 21시,수요일,부산광역시 강서구 송정동,중상사고,0,6,0,0,차대차 - 추돌,안전운전불이행,건조,맑음,교차로 - 교차로부근,승용,남,26세,상해없음,승용,여,34세,중상
렌터카사고,2021020400100564,2021년 2월 4일 21시,목요일,부산광역시 부산진구 양정동,경상사고,0,0,2,0,차대차 - 기타,중앙선침범,건조,맑음,단일로 - 기타,승용,남,32세,기타불명,원동기,남,37세,경상
렌터카사고,2021020500100205,2021년 2월 5일 13시,금요일,부산광역시 금정구 장전동,경상사고,0,0,1,0,차대차 - 측면충돌,신호위반,건조,맑음,교차로 - 교차로안,승용,남,46세,상해없음,승용,남,49세,경상
렌터카사고,2021020500100258,2021년 2월 5일 14시,금요일,부산광역시 금정구 부곡동,경상사고,0,0,1,1,차대차 - 기타,안전운전불이행,건조,맑음,단일로 - 기타,승용,남,56세,상해없음,승용,여,22세,부상신고
렌터카사고,2021020500100487,2021년 2월 5일 19시,금요일,부산광역시 사하구 다대동,경상사고,0,0,3,0,차대차 - 측면충돌,안전운전불이행,건조,맑음,단일로 - 기타,승용,여,19세,경상,승용,남,62세,상해없음
렌터카사고,2021020800100627,2021년 2월 8일 22시,월요일,부산광역시 부산진구 전포동,경상사고,0,0,4,0,차대차 - 추돌,안전운전불이행,건조,맑음,단일로 - 기타,승용,남,31세,상해없음,승용,여,25세,경상
렌터카사고,2021020900100142,2021년 2월 9일 10시,화요일,부산광역시 북구 덕천동,경상사고,0,0,2,0,차대차 - 기타,안전운전불이행,건조,맑음,단일로 - 기타,승용,여,39세,상해없음,승합,남,44세,상해없음
렌터카사고,2021020900100258,2021년 2월 9일 13시,화요일,부산광역시 해운대구 우동,중상사고,0,1,0,0,차대사람 - 기타,중앙선침범,건조,맑음,단일로 - 기타,승용,여,33세,상해없음,보행자,여,71세,중상
렌터카사고,2.02102E+15,2021년 2월 10일 13시,수요일,부산광역시 북구 화명동,경상사고,0,0,1,0,차대차 - 기타,안전운전불이행,건조,맑음,교차로 - 교차로안,승용,남,57세,상해없음,이륜,여,59세,경상
렌터카사고,2021021000100619,2021년 2월 10일 20시,수요일,부산광역시 금정구 부곡동,부상신고사고,0,0,0,2,차량단독 - 기타,안전운전불이행,건조,맑음,단일로 - 기타,승용,남,23세,상해없음,,,,
렌터카사고,2021021100100266,2021년 2월 11일 19시,목요일,부산광역시 부산진구 당감동,경상사고,0,0,1,0,차대차 - 측면충돌,안전운전불이행,건조,맑음,교차로 - 교차로안,승용,남,23세,상해없음,이륜,남,26세,경상
렌터카사고,2021021200100214,2021년 2월 12일 19시,금요일,부산광역시 금정구 부곡동,중상사고,0,1,0,0,차대사람 - 횡단중,안전운전불이행,건조,맑음,교차로 - 교차로부근,승용,여,45세,상해없음,보행자,남,81세,중상
렌터카사고,2.02102E+15,2021년 2월 12일 22시,금요일,부산광역시 해운대구 좌동,경상사고,0,0,3,0,차대차 - 정면충돌,안전운전불이행,건조,맑음,교차로 - 교차로안,승용,여,22세,상해없음,승용,남,40세,경상
렌터카사고,2021021300100078,2021년 2월 13일 12시,토요일,부산광역시 강서구 명지동,경상사고,0,0,3,0,차대차 - 측면충돌,안전운전불이행,건조,맑음,단일로 - 기타,승용,남,35세,상해없음,승용,남,43세,경상
렌터카사고,2021021300100301,2021년 2월 13일 20시,토요일,부산광역시 사하구 괴정동,중상사고,0,1,0,0,차대사람 - 길가장자리구역통행중,안전운전불이행,건조,맑음,교차로 - 교차로부근,승용,여,42세,상해없음,보행자,여,41세,중상
렌터카사고,2021021300100362,2021년 2월 13일 22시,토요일,부산광역시 해운대구 우동,경상사고,0,0,3,0,차대차 - 정면충돌,중앙선침범,건조,맑음,교차로 - 교차로안,승용,남,28세,상해없음,승용,남,54세,경상
렌터카사고,2021021400100196,2021년 2월 14일 18시,일요일,부산광역시 연제구 연산동,경상사고,0,0,2,0,차대차 - 추돌,안전거리미확보,젖음/습기,흐림,단일로 - 기타,승용,남,25세,상해없음,승용,남,34세,경상
렌터카사고,2021021400100314,2021년 2월 14일 22시,일요일,부산광역시 연제구 연산동,경상사고,0,0,1,0,차대차 - 기타,차로위반,젖음/습기,비,교차로 - 교차로안,승용,남,33세,기타불명,승용,남,46세,경상
렌터카사고,2.02102E+15,2021년 2월 16일 12시,화요일,부산광역시 강서구 명지동,경상사고,0,0,1,0,차대차 - 측면충돌,안전운전불이행,건조,맑음,교차로 - 교차로부근,승용,여,49세,상해없음,이륜,남,32세,경상
렌터카사고,2021021700100357,2021년 2월 17일 17시,수요일,부산광역시 동래구 안락동,경상사고,0,0,1,0,차대차 - 기타,직진우회전진행방해,건조,맑음,교차로 - 교차로안,승용,남,39세,상해없음,이륜,남,43세,경상
렌터카사고,2021021800100542,2021년 2월 18일 23시,목요일,부산광역시 사상구 감전동,경상사고,0,0,1,0,차대차 - 추돌,안전운전불이행,건조,맑음,교차로 - 교차로부근,승용,남,49세,상해없음,승용,남,62세,상해없음
렌터카사고,2021021900100484,2021년 2월 19일 18시,금요일,부산광역시 해운대구 반송동,중상사고,0,1,0,0,차대사람 - 횡단중,안전운전불이행,건조,맑음,단일로 - 기타,승용,남,44세,상해없음,보행자,남,60세,중상
렌터카사고,2021022000100539,2021년 2월 20일 23시,토요일,부산광역시 동래구 안락동,경상사고,0,0,2,0,차대차 - 측면충돌,신호위반,건조,맑음,교차로 - 교차로안,승용,남,23세,상해없음,승합,남,49세,경상
렌터카사고,2021022200100467,2021년 2월 22일 19시,월요일,부산광역시 금정구 금사동,중상사고,0,1,2,0,차대차 - 추돌,기타,건조,맑음,단일로 - 기타,승용,남,32세,상해없음,승용,여,55세,중상
렌터카사고,2021022400100433,2021년 2월 24일 20시,수요일,부산광역시 사상구 주례동,경상사고,0,0,1,0,차대차 - 기타,안전운전불이행,건조,맑음,교차로 - 교차로부근,승용,남,27세,상해없음,화물,남,31세,경상
렌터카사고,2021022500100085,2021년 2월 25일 08시,목요일,부산광역시 기장군 정관읍,중상사고,0,1,2,0,차대차 - 기타,안전운전불이행,건조,맑음,단일로 - 기타,승용,남,74세,경상,승용,남,30세,중상
렌터카사고,2021022600100015,2021년 2월 26일 01시,금요일,부산광역시 강서구 명지동,경상사고,0,0,1,0,차대차 - 추돌,안전운전불이행,젖음/습기,비,교차로 - 교차로부근,승용,남,29세,상해없음,승용,남,40세,경상
렌터카사고,2021022600100583,2021년 2월 26일 22시,금요일,부산광역시 중구 부평동2가,중상사고,0,1,0,0,차대사람 - 기타,안전운전불이행,건조,맑음,단일로 - 기타,승용,여,56세,상해없음,보행자,남,64세,중상
렌터카사고,2021022700100385,2021년 2월 27일 18시,토요일,부산광역시 해운대구 좌동,경상사고,0,0,2,0,차대차 - 측면충돌,안전운전불이행,건조,맑음,단일로 - 기타,승용,남,52세,경상,승용,남,27세,경상
렌터카사고,2021022700100419,2021년 2월 27일 19시,토요일,부산광역시 해운대구 우동,경상사고,0,0,2,0,차대차 - 기타,신호위반,건조,맑음,교차로 - 교차로안,승용,남,55세,상해없음,승용,남,60세,경상
렌터카사고,2021030100100136,2021년 3월 1일 14시,월요일,부산광역시 기장군 기장읍,경상사고,0,0,1,0,차대차 - 측면충돌,안전운전불이행,젖음/습기,비,단일로 - 기타,승용,여,41세,상해없음,승용,여,66세,경상
렌터카사고,2021030200100012,2021년 3월 2일 01시,화요일,부산광역시 연제구 연산동,중상사고,0,1,0,0,차대사람 - 횡단중,안전운전불이행,젖음/습기,비,단일로 - 기타,승용,남,34세,상해없음,보행자,여,72세,중상
렌터카사고,2021030200100421,2021년 3월 2일 19시,화요일,부산광역시 동래구 낙민동,경상사고,0,0,2,0,차대차 - 기타,신호위반,건조,맑음,교차로 - 교차로안,승용,여,52세,상해없음,승용,남,28세,경상
렌터카사고,2021030400100053,2021년 3월 4일 07시,목요일,부산광역시 기장군 기장읍,경상사고,0,0,1,0,차대차 - 측면충돌,안전운전불이행,건조,맑음,단일로 - 기타,승용,남,52세,상해없음,자전거,남,56세,경상
렌터카사고,2021030500100269,2021년 3월 5일 14시,금요일,부산광역시 금정구 구서동,경상사고,0,0,2,1,차대차 - 기타,안전운전불이행,건조,맑음,교차로 - 교차로안,승용,여,45세,부상신고,승용,남,50세,경상
렌터카사고,2021030600100039,2021년 3월 6일 05시,토요일,부산광역시 사하구 하단동,경상사고,0,0,1,0,차대차 - 추돌,안전운전불이행,건조,맑음,단일로 - 기타,승용,남,19세,상해없음,승용,남,68세,경상
렌터카사고,2.02103E+15,2021년 3월 8일 19시,월요일,부산광역시 부산진구 양정동,경상사고,0,0,1,0,차대차 - 기타,차로위반,건조,맑음,단일로 - 기타,승용,여,55세,상해없음,승용,남,40세,경상
렌터카사고,2021030800100548,2021년 3월 8일 21시,월요일,부산광역시 서구 아미동2가,경상사고,0,0,1,0,차대사람 - 차도통행중,안전운전불이행,건조,맑음,교차로 - 교차로안,승용,남,25세,상해없음,보행자,남,73세,경상
렌터카사고,2021030900100032,2021년 3월 9일 06시,화요일,부산광역시 금정구 두구동,부상신고사고,0,0,0,1,차대차 - 측면충돌,안전거리미확보,건조,맑음,단일로 - 기타,승용,여,50세,상해없음,승용,남,37세,부상신고
렌터카사고,2021031000100233,2021년 3월 10일 13시,수요일,부산광역시 부산진구 부전동,중상사고,0,1,0,0,차대차 - 측면충돌,신호위반,건조,맑음,교차로 - 교차로안,승용,여,50세,상해없음,이륜,남,23세,중상
렌터카사고,2021031000100579,2021년 3월 10일 23시,수요일,부산광역시 사상구 주례동,경상사고,0,0,1,0,차대차 - 측면충돌,안전운전불이행,건조,맑음,단일로 - 고가도로위,승용,남,29세,상해없음,승용,남,31세,경상
렌터카사고,2021031100100271,2021년 3월 11일 15시,목요일,부산광역시 연제구 거제동,중상사고,0,2,0,0,차대사람 - 기타,안전운전불이행,건조,맑음,단일로 - 기타,승용,여,49세,기타불명,보행자,남,78세,중상
렌터카사고,2021031200100277,2021년 3월 12일 15시,금요일,부산광역시 수영구 광안동,중상사고,0,1,0,0,차대사람 - 기타,안전운전불이행,젖음/습기,비,교차로 - 교차로안,승용,남,46세,상해없음,보행자,여,70세,중상
렌터카사고,2021031200100401,2021년 3월 12일 18시,금요일,부산광역시 부산진구 개금동,중상사고,0,1,0,0,차대차 - 측면충돌,신호위반,침수,비,교차로 - 교차로안,승용,남,25세,상해없음,이륜,남,43세,중상
렌터카사고,2021031300100183,2021년 3월 13일 12시,토요일,부산광역시 해운대구 재송동,경상사고,0,0,1,0,차대차 - 측면충돌,안전거리미확보,건조,맑음,기타 - 기타,승용,남,23세,상해없음,승용,남,41세,경상
렌터카사고,2.02103E+15,2021년 3월 14일 02시,일요일,부산광역시 남구 대연동,중상사고,0,1,0,0,차대차 - 기타,안전운전불이행,건조,맑음,단일로 - 지하차도(도로)내,승용,남,31세,상해없음,승용,여,60세,중상
렌터카사고,2021031400100139,2021년 3월 14일 13시,일요일,부산광역시 사하구 구평동,경상사고,0,0,2,0,차대차 - 측면충돌,안전거리미확보,건조,맑음,교차로 - 교차로부근,승용,남,35세,상해없음,승용,남,28세,경상
렌터카사고,2021031600100591,2021년 3월 16일 23시,화요일,부산광역시 금정구 장전동,경상사고,0,0,1,0,차대차 - 정면충돌,중앙선침범,건조,맑음,교차로 - 교차로부근,승용,여,46세,상해없음,원동기,남,28세,경상
렌터카사고,2021031700100293,2021년 3월 17일 15시,수요일,부산광역시 영도구 남항동3가,경상사고,0,0,1,0,차대차 - 측면충돌,직진우회전진행방해,건조,흐림,교차로 - 교차로안,승용,남,25세,상해없음,이륜,남,52세,경상
렌터카사고,2.02103E+15,2021년 3월 17일 21시,수요일,부산광역시 남구 대연동,경상사고,0,0,1,0,차대사람 - 기타,안전운전불이행,건조,맑음,단일로 - 기타,승용,남,54세,상해없음,보행자,남,22세,경상
렌터카사고,2021031800100255,2021년 3월 18일 14시,목요일,부산광역시 연제구 연산동,경상사고,0,0,2,1,차대차 - 추돌,안전운전불이행,건조,맑음,단일로 - 기타,승용,남,54세,상해없음,승용,여,35세,경상
렌터카사고,2.02103E+15,2021년 3월 19일 07시,금요일,부산광역시 해운대구 중동,경상사고,0,0,2,0,차대차 - 측면충돌,안전운전불이행,건조,맑음,단일로 - 기타,승용,남,22세,상해없음,승용,남,57세,경상
렌터카사고,2021032000100484,2021년 3월 20일 22시,토요일,부산광역시 부산진구 부전동,경상사고,0,0,1,0,차대사람 - 보도통행중,안전운전불이행,건조,맑음,기타 - 기타,승용,남,25세,상해없음,보행자,남,28세,경상
렌터카사고,2021032100100036,2021년 3월 21일 04시,일요일,부산광역시 북구 덕천동,경상사고,0,0,1,0,차대사람 - 기타,안전운전불이행,건조,맑음,교차로 - 교차로부근,승용,여,59세,상해없음,보행자,여,45세,경상
렌터카사고,2021032100100133,2021년 3월 21일 13시,일요일,부산광역시 해운대구 중동,경상사고,0,0,2,0,차대사람 - 기타,중앙선침범,건조,맑음,단일로 - 기타,승용,여,24세,기타불명,보행자,남,43세,경상
렌터카사고,2021032300100009,2021년 3월 23일 01시,화요일,부산광역시 부산진구 부전동,경상사고,0,0,1,0,차대차 - 후진중충돌,안전운전불이행,건조,맑음,단일로 - 기타,승용,여,18세,상해없음,승용,남,39세,경상
렌터카사고,2021032300100184,2021년 3월 23일 12시,화요일,부산광역시 금정구 금사동,경상사고,0,0,1,0,차대차 - 기타,안전운전불이행,건조,맑음,교차로 - 교차로안,승용,남,56세,상해없음,승용,남,63세,경상
렌터카사고,2021032300100292,2021년 3월 23일 15시,화요일,부산광역시 사하구 다대동,경상사고,0,0,2,0,차대차 - 측면충돌,안전거리미확보,건조,맑음,단일로 - 지하차도(도로)내,승용,여,52세,경상,승용,남,40세,경상
렌터카사고,2.02103E+15,2021년 3월 26일 22시,금요일,부산광역시 부산진구 부전동,경상사고,0,0,1,0,차대차 - 기타,신호위반,건조,맑음,교차로 - 교차로안,승용,남,25세,상해없음,승용,남,58세,경상
렌터카사고,2021032700100307,2021년 3월 27일 15시,토요일,부산광역시 강서구 동선동,경상사고,0,0,1,0,차대차 - 기타,안전운전불이행,건조,맑음,단일로 - 기타,승용,남,57세,상해없음,승용,여,50세,경상
렌터카사고,2021032800100244,2021년 3월 28일 15시,일요일,부산광역시 영도구 대교동1가,경상사고,0,0,1,0,차대사람 - 기타,안전운전불이행,건조,맑음,단일로 - 기타,승용,남,44세,상해없음,보행자,남,44세,경상
렌터카사고,2.02103E+15,2021년 3월 29일 09시,월요일,부산광역시 사상구 삼락동,중상사고,0,1,0,0,차대사람 - 기타,안전운전불이행,건조,맑음,교차로 - 교차로안,승용,남,43세,상해없음,보행자,남,65세,중상
렌터카사고,2021032900100168,2021년 3월 29일 10시,월요일,부산광역시 수영구 남천동,경상사고,0,0,1,0,차대사람 - 기타,안전운전불이행,건조,맑음,교차로 - 교차로부근,승용,남,58세,상해없음,보행자,남,50세,경상
렌터카사고,2021032900100284,2021년 3월 29일 13시,월요일,부산광역시 금정구 구서동,중상사고,0,1,0,0,차대차 - 측면충돌,안전운전불이행,건조,맑음,교차로 - 교차로안,승용,남,22세,중상,건설기계,남,69세,상해없음
렌터카사고,2021032900100347,2021년 3월 29일 15시,월요일,부산광역시 해운대구 우동,경상사고,0,0,1,0,차대차 - 기타,교차로운행방법위반,건조,맑음,교차로 - 교차로안,승용,남,27세,상해없음,이륜,남,34세,경상
렌터카사고,2021033000100054,2021년 3월 30일 07시,화요일,부산광역시 강서구 생곡동,경상사고,0,0,1,0,차대차 - 측면충돌,안전운전불이행,건조,맑음,교차로 - 교차로부근,승용,남,34세,경상,특수,남,58세,상해없음
렌터카사고,2021033000100237,2021년 3월 30일 12시,화요일,부산광역시 해운대구 우동,경상사고,0,0,1,0,차대차 - 추돌,안전운전불이행,건조,맑음,교차로 - 교차로부근,승용,남,36세,상해없음,승용,여,64세,경상
렌터카사고,2021040100100151,2021년 4월 1일 10시,목요일,부산광역시 부산진구 부암동,경상사고,0,0,2,0,차대차 - 측면충돌,안전운전불이행,건조,맑음,단일로 - 기타,승용,남,37세,기타불명,승용,남,27세,경상
렌터카사고,2021040100100327,2021년 4월 1일 15시,목요일,부산광역시 동래구 사직동,경상사고,0,0,1,0,차대차 - 기타,안전운전불이행,건조,맑음,단일로 - 기타,승용,남,18세,상해없음,자전거,여,59세,경상
렌터카사고,2021040100100627,2021년 4월 1일 23시,목요일,부산광역시 해운대구 반여동,경상사고,0,0,1,0,차대차 - 기타,안전거리미확보,건조,맑음,교차로 - 교차로부근,승용,남,26세,기타불명,승용,남,60세,경상
렌터카사고,2021040200100356,2021년 4월 2일 16시,금요일,부산광역시 금정구 장전동,경상사고,0,0,3,0,차대차 - 측면충돌,직진우회전진행방해,건조,맑음,교차로 - 교차로안,승용,여,40세,경상,원동기,남,36세,경상
렌터카사고,2021040200100449,2021년 4월 2일 18시,금요일,부산광역시 부산진구 당감동,경상사고,0,0,1,0,차대사람 - 기타,안전운전불이행,건조,맑음,교차로 - 교차로안,승용,남,39세,상해없음,보행자,여,21세,경상
렌터카사고,2021040200100499,2021년 4월 2일 19시,금요일,부산광역시 동래구 온천동,경상사고,0,0,1,0,차대차 - 측면충돌,안전운전불이행,건조,맑음,교차로 - 교차로안,승용,남,45세,상해없음,원동기,남,26세,경상
렌터카사고,2021040300100169,2021년 4월 3일 12시,토요일,부산광역시 강서구 동선동,경상사고,0,0,1,0,차대차 - 측면충돌,안전운전불이행,건조,맑음,단일로 - 교량,승용,남,45세,상해없음,화물,남,36세,경상
렌터카사고,2021040300100218,2021년 4월 3일 13시,토요일,부산광역시 해운대구 좌동,경상사고,0,0,1,0,차대사람 - 횡단중,안전운전불이행,젖음/습기,비,단일로 - 기타,승용,남,52세,상해없음,보행자,여,77세,경상
렌터카사고,2021040300100564,2021년 4월 3일 22시,토요일,부산광역시 연제구 연산동,경상사고,0,0,1,0,차대사람 - 기타,안전운전불이행,젖음/습기,비,단일로 - 기타,승용,남,56세,상해없음,보행자,남,46세,경상
렌터카사고,2021040600100292,2021년 4월 6일 15시,화요일,부산광역시 중구 남포동6가,경상사고,0,0,1,0,차대사람 - 차도통행중,안전운전불이행,건조,맑음,단일로 - 기타,승용,남,54세,상해없음,보행자,남,38세,경상
렌터카사고,2021040700100213,2021년 4월 7일 12시,수요일,부산광역시 금정구 구서동,중상사고,0,1,1,0,차대차 - 기타,안전운전불이행,건조,맑음,교차로 - 교차로안,승용,남,18세,상해없음,승용,남,70세,경상
렌터카사고,2.02104E+15,2021년 4월 9일 23시,금요일,부산광역시 해운대구 중동,경상사고,0,0,1,0,차대차 - 기타,안전운전불이행,건조,흐림,단일로 - 기타,승용,여,46세,상해없음,승용,여,50세,경상
렌터카사고,2021041000100583,2021년 4월 10일 22시,토요일,부산광역시 기장군 정관읍,중상사고,0,1,0,0,차대차 - 기타,중앙선침범,건조,맑음,교차로 - 교차로부근,승용,남,27세,상해없음,이륜,남,39세,중상
렌터카사고,2021041100100012,2021년 4월 11일 01시,일요일,부산광역시 북구 구포동,경상사고,0,0,2,0,차대차 - 기타,안전운전불이행,건조,맑음,단일로 - 기타,승용,남,26세,상해없음,승용,남,25세,경상
렌터카사고,2.02104E+15,2021년 4월 11일 16시,일요일,부산광역시 사하구 다대동,경상사고,0,0,1,0,차대사람 - 횡단중,보행자보호의무위반,건조,맑음,교차로 - 교차로횡단보도내,승용,남,42세,상해없음,보행자,남,70세,경상
렌터카사고,2021041200100512,2021년 4월 12일 20시,월요일,부산광역시 남구 대연동,경상사고,0,0,2,0,차대차 - 기타,교차로운행방법위반,젖음/습기,비,교차로 - 교차로안,승용,남,22세,상해없음,원동기,남,59세,경상
렌터카사고,2.02104E+15,2021년 4월 12일 21시,월요일,부산광역시 사하구 괴정동,경상사고,0,0,3,0,차대차 - 기타,안전거리미확보,젖음/습기,비,교차로 - 교차로안,승용,남,34세,기타불명,승용,여,66세,경상
렌터카사고,2021041200100595,2021년 4월 12일 22시,월요일,부산광역시 해운대구 우동,중상사고,0,1,0,0,차대차 - 기타,안전운전불이행,젖음/습기,비,단일로 - 기타,승용,여,32세,상해없음,승용,남,54세,중상