사고부문,사고번호,사고일시,요일,시군구,사고내용,사망자수,중상자수,경상자수,부상신고자수,사고유형,법규위반,노면상태,기상상태,도로형태,가해운전자 차종,가해운전자 성별,가해운전자 연령,가해운전자 상해정도,피해운전자 차종,피해운전자 성별,피해운전자 연령,피해운전자 상해정도
렌터카사고,2021091700100128,2021년 9월 17일 09시,금요일,부산광역시 서구 서대신동3가,경상사고,0,0,2,0,차대차 - 측면충돌,신호위반,젖음/습기,비,교차로 - 교차로안,승용,남,25세,경상,승용,남,67세,경상
렌터카사고,2021091700100595,2021년 9월 17일 18시,금요일,부산광역시 연제구 거제동,부상신고사고,0,0,0,1,차대차 - 기타,안전운전불이행,건조,맑음,단일로 - 기타,승용,여,25세,상해없음,승용,남,53세,상해없음
렌터카사고,2021091700100775,2021년 9월 17일 22시,금요일,부산광역시 부산진구 부전동,경상사고,0,0,1,0,차대사람 - 기타,안전운전불이행,건조,맑음,단일로 - 기타,승용,여,20세,상해없음,보행자,남,23세,경상
렌터카사고,2021091700100776,2021년 9월 17일 22시,금요일,부산광역시 금정구 청룡동,경상사고,0,0,1,0,차대사람 - 기타,기타,건조,맑음,단일로 - 기타,승용,남,22세,상해없음,보행자,남,63세,경상
렌터카사고,2021091800100129,2021년 9월 18일 10시,토요일,부산광역시 해운대구 우동,경상사고,0,0,1,0,차대차 - 추돌,안전거리미확보,건조,맑음,단일로 - 교량,승용,남,21세,상해없음,승용,여,34세,경상
렌터카사고,2021091800100131,2021년 9월 18일 10시,토요일,부산광역시 금정구 남산동,중상사고,0,1,0,0,차대사람 - 횡단중,안전운전불이행,건조,맑음,단일로 - 기타,승용,남,48세,상해없음,보행자,여,81세,중상
렌터카사고,2021091800100553,2021년 9월 18일 19시,토요일,부산광역시 기장군 정관읍,경상사고,0,0,1,0,차대차 - 측면충돌,교차로운행방법위반,건조,맑음,교차로 - 교차로안,승용,여,45세,상해없음,이륜,남,27세,경상
렌터카사고,2021091900100015,2021년 9월 19일 02시,일요일,부산광역시 부산진구 양정동,경상사고,0,0,2,0,차대차 - 후진중충돌,안전운전불이행,건조,맑음,단일로 - 기타,승용,남,24세,상해없음,승용,남,69세,경상
렌터카사고,2021091900100298,2021년 9월 19일 17시,일요일,부산광역시 영도구 영선동4가,중상사고,0,1,0,0,차대사람 - 횡단중,보행자보호의무위반,건조,맑음,교차로 - 교차로안,승용,남,20세,상해없음,보행자,여,5세,중상
렌터카사고,2021091900100439,2021년 9월 19일 22시,일요일,부산광역시 동래구 안락동,경상사고,0,0,1,0,차대차 - 측면충돌,신호위반,건조,맑음,단일로 - 기타,승용,남,39세,상해없음,승용,여,53세,경상
렌터카사고,2.02109E+15,2021년 9월 20일 12시,월요일,부산광역시 수영구 남천동,경상사고,0,0,2,0,차대차 - 기타,안전거리미확보,건조,맑음,단일로 - 기타,승용,남,64세,상해없음,승용,남,37세,경상
렌터카사고,2021092200100104,2021년 9월 22일 12시,수요일,부산광역시 강서구 천성동,경상사고,0,0,1,0,차대차 - 기타,안전운전불이행,건조,맑음,단일로 - 기타,승용,남,55세,상해없음,승용,남,57세,상해없음
렌터카사고,2021092200100143,2021년 9월 22일 13시,수요일,부산광역시 기장군 기장읍,경상사고,0,0,3,0,차대차 - 기타,안전운전불이행,젖음/습기,흐림,단일로 - 기타,승용,여,31세,상해없음,승용,남,43세,경상
렌터카사고,2021092200100176,2021년 9월 22일 14시,수요일,부산광역시 기장군 정관읍,경상사고,0,0,1,0,차대차 - 추돌,안전운전불이행,건조,맑음,교차로 - 교차로부근,승용,여,41세,상해없음,승용,남,24세,경상
렌터카사고,2021092200100259,2021년 9월 22일 17시,수요일,부산광역시 금정구 부곡동,경상사고,0,0,1,0,차대차 - 추돌,안전거리미확보,건조,맑음,단일로 - 터널,승용,여,27세,상해없음,승용,남,45세,경상
렌터카사고,2021092300100446,2021년 9월 23일 18시,목요일,부산광역시 부산진구 부전동,경상사고,0,0,1,0,차대사람 - 기타,안전운전불이행,건조,맑음,단일로 - 기타,승용,남,20세,상해없음,보행자,남,23세,경상
렌터카사고,2021092700100297,2021년 9월 27일 15시,월요일,부산광역시 기장군 장안읍,경상사고,0,0,1,0,차대차 - 측면충돌,안전운전불이행,건조,맑음,단일로 - 기타,승용,여,36세,상해없음,승용,여,52세,경상
렌터카사고,2021092700100488,2021년 9월 27일 20시,월요일,부산광역시 연제구 거제동,중상사고,0,3,1,0,차대차 - 추돌,안전운전불이행,건조,맑음,단일로 - 기타,승용,여,18세,중상,승용,남,50세,경상
렌터카사고,2021092700100532,2021년 9월 27일 22시,월요일,부산광역시 동래구 사직동,경상사고,0,0,4,0,차대차 - 측면충돌,안전운전불이행,건조,맑음,단일로 - 기타,승용,남,45세,상해없음,승용,남,38세,경상
렌터카사고,2021092800100577,2021년 9월 28일 22시,화요일,부산광역시 동구 범일동,경상사고,0,0,1,0,차대차 - 추돌,안전운전불이행,건조,맑음,단일로 - 기타,승용,남,24세,상해없음,승용,남,33세,경상
렌터카사고,2021092900100054,2021년 9월 29일 07시,수요일,부산광역시 수영구 민락동,경상사고,0,0,1,0,차대차 - 측면충돌,안전운전불이행,건조,맑음,단일로 - 기타,승용,여,30세,상해없음,승용,남,46세,경상
렌터카사고,2021093000100234,2021년 9월 30일 12시,목요일,부산광역시 남구 대연동,경상사고,0,0,1,0,차대차 - 기타,안전운전불이행,건조,맑음,단일로 - 기타,승용,여,61세,상해없음,승용,남,24세,경상
렌터카사고,2021093000100438,2021년 9월 30일 17시,목요일,부산광역시 동래구 온천동,경상사고,0,0,1,0,차대차 - 추돌,교차로운행방법위반,건조,맑음,교차로 - 교차로안,승용,남,36세,상해없음,승용,여,55세,경상
렌터카사고,2021093000100501,2021년 9월 30일 18시,목요일,부산광역시 사상구 감전동,경상사고,0,0,1,0,차대사람 - 차도통행중,안전운전불이행,건조,맑음,단일로 - 기타,승용,남,30세,상해없음,보행자,여,37세,경상
렌터카사고,2.0211E+15,2021년 10월 2일 13시,토요일,부산광역시 금정구 구서동,부상신고사고,0,0,0,1,차대차 - 기타,안전운전불이행,건조,맑음,단일로 - 기타,승용,여,45세,상해없음,자전거,남,35세,부상신고
렌터카사고,2021100300100024,2021년 10월 3일 03시,일요일,부산광역시 해운대구 중동,경상사고,0,0,1,0,차대차 - 측면충돌,안전운전불이행,건조,맑음,교차로 - 교차로안,승용,남,22세,상해없음,승용,남,67세,경상
렌터카사고,2021100500100069,2021년 10월 5일 08시,화요일,부산광역시 기장군 기장읍,경상사고,0,0,1,0,차대차 - 기타,안전운전불이행,건조,맑음,교차로 - 교차로부근,승용,여,55세,상해없음,승용,남,19세,경상
렌터카사고,2021100500100474,2021년 10월 5일 18시,화요일,부산광역시 남구 대연동,중상사고,0,1,0,0,차대차 - 기타,신호위반,건조,맑음,단일로 - 기타,승용,남,55세,상해없음,이륜,남,26세,중상
렌터카사고,2021100500100574,2021년 10월 5일 20시,화요일,부산광역시 부산진구 범천동,경상사고,0,0,1,0,차대차 - 측면충돌,안전운전불이행,건조,맑음,단일로 - 기타,승용,남,23세,상해없음,승용,남,66세,경상
렌터카사고,2021100600100312,2021년 10월 6일 15시,수요일,부산광역시 사상구 괘법동,중상사고,0,1,0,0,차대사람 - 차도통행중,안전운전불이행,건조,맑음,교차로 - 교차로부근,승용,남,45세,기타불명,보행자,여,79세,중상
렌터카사고,2021100700100316,2021년 10월 7일 15시,목요일,부산광역시 북구 덕천동,경상사고,0,0,1,0,차대사람 - 기타,안전운전불이행,건조,맑음,교차로 - 교차로안,승용,남,42세,상해없음,보행자,여,57세,경상
렌터카사고,2021100800100179,2021년 10월 8일 11시,금요일,부산광역시 해운대구 우동,부상신고사고,0,0,0,2,차대차 - 기타,안전거리미확보,건조,맑음,단일로 - 기타,승용,남,22세,상해없음,승용,남,56세,부상신고
렌터카사고,2021100800100543,2021년 10월 8일 19시,금요일,부산광역시 부산진구 전포동,경상사고,0,0,1,0,차대차 - 추돌,안전운전불이행,건조,맑음,기타 - 기타,승용,남,18세,상해없음,승용,남,66세,경상
렌터카사고,2021100900100106,2021년 10월 9일 11시,토요일,부산광역시 사하구 하단동,경상사고,0,0,1,0,차대차 - 측면충돌,안전운전불이행,건조,맑음,교차로 - 교차로부근,승용,남,31세,상해없음,승용,여,46세,경상
렌터카사고,2021101000100102,2021년 10월 10일 11시,일요일,부산광역시 수영구 광안동,경상사고,0,0,1,0,차대차 - 측면충돌,안전운전불이행,건조,맑음,단일로 - 기타,승용,남,30세,상해없음,승용,남,42세,경상
렌터카사고,2021101100100001,2021년 10월 11일 00시,월요일,부산광역시 부산진구 부전동,경상사고,0,0,1,0,차대사람 - 차도통행중,불법유턴,건조,맑음,교차로 - 교차로안,승용,남,23세,상해없음,보행자,남,25세,경상
렌터카사고,2.0211E+15,2021년 10월 11일 18시,월요일,부산광역시 금정구 회동동,경상사고,0,0,1,0,차대차 - 추돌,안전운전불이행,젖음/습기,비,단일로 - 기타,승용,남,36세,상해없음,승용,남,62세,경상
렌터카사고,2021101200100335,2021년 10월 12일 16시,화요일,부산광역시 사하구 하단동,경상사고,0,0,1,0,차대차 - 측면충돌,안전거리미확보,건조,맑음,교차로 - 교차로안,승용,남,37세,상해없음,승용,여,54세,경상
렌터카사고,2021101200100552,2021년 10월 12일 22시,화요일,부산광역시 동구 범일동,중상사고,0,1,0,0,차대사람 - 횡단중,보행자보호의무위반,건조,맑음,교차로 - 교차로부근,승용,여,40세,상해없음,보행자,여,59세,중상
렌터카사고,2021101400100045,2021년 10월 14일 06시,목요일,부산광역시 사하구 괴정동,중상사고,0,1,2,0,차대차 - 기타,기타,건조,맑음,단일로 - 기타,승용,남,53세,중상,승용,남,34세,경상
렌터카사고,2021101500100119,2021년 10월 15일 09시,금요일,부산광역시 동래구 안락동,경상사고,0,0,1,0,차대차 - 기타,안전운전불이행,건조,맑음,교차로 - 교차로안,승용,남,43세,상해없음,화물,남,53세,경상
렌터카사고,2021101600100348,2021년 10월 16일 17시,토요일,부산광역시 부산진구 범천동,중상사고,0,1,2,0,차대차 - 기타,신호위반,건조,맑음,교차로 - 교차로안,승용,남,23세,중상,승용,남,27세,경상
렌터카사고,2021101600100349,2021년 10월 16일 17시,토요일,부산광역시 사상구 모라동,경상사고,0,0,1,0,차대차 - 기타,안전운전불이행,건조,맑음,기타 - 기타,승용,남,49세,상해없음,승용,남,39세,경상
렌터카사고,2021101700100005,2021년 10월 17일 00시,일요일,부산광역시 영도구 청학동,경상사고,0,0,1,0,차대차 - 측면충돌,중앙선침범,건조,맑음,단일로 - 기타,승용,남,34세,상해없음,이륜,남,20세,경상
렌터카사고,2021101700100181,2021년 10월 17일 14시,일요일,부산광역시 기장군 일광면,경상사고,0,0,5,0,차대차 - 추돌,안전운전불이행,건조,맑음,단일로 - 기타,승용,남,51세,상해없음,승용,남,40세,경상
렌터카사고,2.0211E+15,2021년 10월 17일 20시,일요일,부산광역시 금정구 부곡동,경상사고,0,0,1,0,차대차 - 기타,안전운전불이행,건조,맑음,기타 - 기타,승용,남,33세,상해없음,이륜,남,26세,경상
렌터카사고,2021101700100382,2021년 10월 17일 20시,일요일,부산광역시 사상구 감전동,경상사고,0,0,2,0,차대차 - 추돌,안전운전불이행,건조,맑음,단일로 - 기타,승용,남,55세,상해없음,승용,남,33세,경상
렌터카사고,2021101800100491,2021년 10월 18일 18시,월요일,부산광역시 북구 덕천동,경상사고,0,0,3,0,차대차 - 기타,안전거리미확보,건조,맑음,단일로 - 기타,승용,남,56세,상해없음,승용,남,67세,경상
렌터카사고,2021101800100664,2021년 10월 18일 22시,월요일,부산광역시 사상구 모라동,중상사고,0,1,0,0,차대차 - 추돌,안전운전불이행,건조,맑음,단일로 - 기타,승용,남,29세,상해없음,승용,남,69세,중상
렌터카사고,2021101900100205,2021년 10월 19일 13시,화요일,부산광역시 동구 초량동,경상사고,0,0,1,0,차대차 - 측면충돌,안전거리미확보,건조,맑음,단일로 - 기타,승용,남,47세,상해없음,승용,여,31세,경상
렌터카사고,2021101900100313,2021년 10월 19일 16시,화요일,부산광역시 해운대구 우동,경상사고,0,0,2,0,차대차 - 기타,안전운전불이행,건조,맑음,단일로 - 기타,승용,남,30세,경상,승용,여,57세,경상
렌터카사고,2021101900100504,2021년 10월 19일 20시,화요일,부산광역시 해운대구 반여동,부상신고사고,0,0,0,2,차대차 - 추돌,안전운전불이행,건조,맑음,단일로 - 기타,승용,남,48세,상해없음,승용,여,30세,부상신고
렌터카사고,2021102200100661,2021년 10월 22일 21시,금요일,부산광역시 연제구 연산동,경상사고,0,0,1,0,차대차 - 기타,차로위반,건조,맑음,교차로 - 교차로안,승용,남,54세,상해없음,승용,남,38세,경상
렌터카사고,2021102400100406,2021년 10월 24일 19시,일요일,부산광역시 서구 부용동2가,경상사고,0,0,4,0,차대차 - 측면충돌,안전운전불이행,건조,맑음,교차로 - 교차로부근,승용,남,23세,상해없음,승용,남,63세,경상
렌터카사고,2021102600100108,2021년 10월 26일 09시,화요일,부산광역시 동구 좌천동,경상사고,0,0,2,0,차대차 - 추돌,안전거리미확보,건조,맑음,단일로 - 터널,승용,남,46세,기타불명,화물,남,47세,경상
렌터카사고,2021102700100046,2021년 10월 27일 07시,수요일,부산광역시 북구 구포동,중상사고,0,2,0,0,차대차 - 기타,교차로운행방법위반,건조,맑음,단일로 - 기타,승용,남,23세,상해없음,승합,남,53세,상해없음
렌터카사고,2021102800100102,2021년 10월 28일 08시,목요일,부산광역시 강서구 송정동,경상사고,0,0,1,0,차대차 - 측면충돌,신호위반,건조,맑음,교차로 - 교차로횡단보도내,승용,여,39세,상해없음,개인형이동수단(PM),여,42세,경상
렌터카사고,2.0211E+15,2021년 10월 29일 22시,금요일,부산광역시 사하구 괴정동,경상사고,0,0,1,0,차대차 - 정면충돌,교차로운행방법위반,건조,맑음,교차로 - 교차로안,승용,남,31세,상해없음,승용,여,47세,경상
렌터카사고,2021102900100673,2021년 10월 29일 23시,금요일,부산광역시 강서구 명지동,경상사고,0,0,1,0,차대차 - 기타,신호위반,건조,맑음,교차로 - 교차로안,승용,남,44세,상해없음,승용,남,26세,경상
렌터카사고,2021103000100148,2021년 10월 30일 11시,토요일,부산광역시 수영구 광안동,경상사고,0,0,1,0,차대차 - 기타,안전운전불이행,건조,맑음,단일로 - 기타,승용,남,51세,상해없음,화물,남,57세,경상
렌터카사고,2021103000100222,2021년 10월 30일 13시,토요일,부산광역시 금정구 구서동,경상사고,0,0,3,0,차대차 - 추돌,안전운전불이행,건조,맑음,단일로 - 기타,승용,남,22세,상해없음,승용,남,43세,경상
렌터카사고,2021103100100204,2021년 10월 31일 14시,일요일,부산광역시 해운대구 우동,경상사고,0,0,2,1,차대차 - 기타,교차로운행방법위반,건조,맑음,교차로 - 교차로부근,승용,여,26세,부상신고,승용,남,61세,경상
렌터카사고,2021103100100339,2021년 10월 31일 18시,일요일,부산광역시 남구 대연동,경상사고,0,0,2,0,차대차 - 기타,안전운전불이행,건조,맑음,단일로 - 기타,승용,남,23세,상해없음,승용,남,33세,경상
렌터카사고,2021103100100388,2021년 10월 31일 19시,일요일,부산광역시 기장군 철마면,경상사고,0,0,1,0,차대차 - 기타,안전운전불이행,건조,맑음,단일로 - 기타,승용,남,19세,상해없음,승용,남,74세,경상
렌터카사고,2021110100100221,2021년 11월 1일 12시,월요일,부산광역시 부산진구 부전동,경상사고,0,0,1,0,차대사람 - 기타,안전운전불이행,건조,맑음,단일로 - 기타,승용,남,58세,상해없음,보행자,남,21세,경상
렌터카사고,2021110200100558,2021년 11월 2일 21시,화요일,부산광역시 중구 중앙동4가,경상사고,0,0,3,0,차대차 - 측면충돌,안전운전불이행,건조,맑음,교차로 - 교차로부근,승합,남,39세,경상,승용,남,34세,경상
렌터카사고,2021110400100102,2021년 11월 4일 08시,목요일,부산광역시 동래구 온천동,경상사고,0,0,1,0,차대차 - 측면충돌,안전운전불이행,건조,맑음,단일로 - 기타,승용,여,40세,상해없음,승용,남,51세,경상
렌터카사고,2021110400100456,2021년 11월 4일 18시,목요일,부산광역시 강서구 대저1동,경상사고,0,0,1,0,차대차 - 추돌,안전운전불이행,건조,맑음,단일로 - 기타,승용,남,19세,상해없음,승용,남,31세,경상
렌터카사고,2021110500100032,2021년 11월 5일 02시,금요일,부산광역시 부산진구 부암동,경상사고,0,0,1,1,차대차 - 기타,안전운전불이행,건조,맑음,기타 - 기타,승용,여,19세,부상신고,이륜,남,23세,기타불명
렌터카사고,2021110500100372,2021년 11월 5일 16시,금요일,부산광역시 남구 용호동,경상사고,0,0,1,0,차대차 - 추돌,안전운전불이행,건조,맑음,단일로 - 기타,승용,여,56세,상해없음,이륜,여,66세,경상
렌터카사고,2021110600100063,2021년 11월 6일 05시,토요일,부산광역시 기장군 정관읍,중상사고,0,1,0,0,차대사람 - 횡단중,안전운전불이행,건조,맑음,교차로 - 교차로안,승용,남,45세,상해없음,보행자,남,57세,중상
렌터카사고,2021110700100088,2021년 11월 7일 10시,일요일,부산광역시 기장군 철마면,경상사고,0,0,1,0,차대차 - 측면충돌,신호위반,건조,맑음,교차로 - 교차로안,승용,여,42세,상해없음,승용,여,55세,경상
렌터카사고,2021110700100251,2021년 11월 7일 15시,일요일,부산광역시 연제구 거제동,경상사고,0,0,1,0,차대사람 - 기타,안전운전불이행,건조,맑음,단일로 - 기타,승용,여,53세,상해없음,보행자,남,14세,경상
렌터카사고,2021110900100196,2021년 11월 9일 11시,화요일,부산광역시 사상구 엄궁동,경상사고,0,0,1,0,차대사람 - 횡단중,보행자보호의무위반,건조,맑음,기타 - 기타,승용,남,25세,상해없음,보행자,여,71세,경상
렌터카사고,2.02111E+15,2021년 11월 9일 17시,화요일,부산광역시 부산진구 부전동,경상사고,0,0,1,0,차대사람 - 차도통행중,기타,건조,맑음,단일로 - 기타,승용,여,43세,상해없음,보행자,남,24세,경상
렌터카사고,2021110900100583,2021년 11월 9일 20시,화요일,부산광역시 북구 구포동,중상사고,0,1,0,0,차대차 - 측면충돌,신호위반,건조,맑음,교차로 - 교차로안,승용,여,49세,상해없음,승용,여,51세,중상
렌터카사고,2021110900100613,2021년 11월 9일 21시,화요일,부산광역시 해운대구 중동,중상사고,0,1,0,0,차대차 - 측면충돌,신호위반,건조,맑음,교차로 - 교차로안,승용,여,47세,상해없음,이륜,남,40세,중상
렌터카사고,2021110900100614,2021년 11월 9일 21시,화요일,부산광역시 사하구 괴정동,중상사고,0,1,0,0,차대사람 - 기타,안전운전불이행,건조,맑음,단일로 - 기타,승용,남,53세,상해없음,보행자,여,43세,중상
렌터카사고,2021110900100667,2021년 11월 9일 23시,화요일,부산광역시 부산진구 범천동,부상신고사고,0,0,0,2,차대차 - 추돌,안전운전불이행,건조,맑음,교차로 - 교차로부근,승용,여,23세,상해없음,승용,남,63세,부상신고
렌터카사고,2021111000100026,2021년 11월 10일 02시,수요일,부산광역시 해운대구 중동,경상사고,0,0,1,0,차대차 - 정면충돌,안전운전불이행,건조,맑음,단일로 - 기타,승용,남,31세,상해없음,화물,남,40세,경상
렌터카사고,2021111000100283,2021년 11월 10일 14시,수요일,부산광역시 사하구 다대동,경상사고,0,0,1,0,차대차 - 기타,신호위반,건조,맑음,교차로 - 교차로안,승용,여,63세,상해없음,승합,남,44세,경상
렌터카사고,2021111100100004,2021년 11월 11일 00시,목요일,부산광역시 북구 구포동,경상사고,0,0,1,0,차대사람 - 차도통행중,안전운전불이행,건조,맑음,기타 - 기타,승용,남,46세,상해없음,보행자,남,40세,경상
렌터카사고,2021111100100377,2021년 11월 11일 16시,목요일,부산광역시 부산진구 개금동,경상사고,0,0,1,0,차대차 - 측면충돌,안전거리미확보,건조,맑음,교차로 - 교차로안,승용,남,54세,상해없음,승합,남,41세,경상
렌터카사고,2021111200100389,2021년 11월 12일 16시,금요일,부산광역시 중구 대창동1가,부상신고사고,0,0,0,1,차량단독 - 기타,안전운전불이행,건조,맑음,교차로 - 교차로부근,승용,남,32세,부상신고,,,,
렌터카사고,2021111300100159,2021년 11월 13일 10시,토요일,부산광역시 남구 대연동,경상사고,0,0,1,0,차대차 - 측면충돌,안전운전불이행,건조,맑음,단일로 - 기타,승용,남,23세,상해없음,승용,남,50세,경상
렌터카사고,2021111300100522,2021년 11월 13일 19시,토요일,부산광역시 기장군 일광면,경상사고,0,0,1,0,차대차 - 기타,안전운전불이행,건조,맑음,기타 - 기타,승용,남,29세,상해없음,자전거,남,23세,경상
렌터카사고,2021111400100423,2021년 11월 14일 20시,일요일,부산광역시 수영구 망미동,경상사고,0,0,2,0,차대차 - 측면충돌,신호위반,건조,맑음,교차로 - 교차로안,승용,남,25세,상해없음,승용,남,35세,경상
렌터카사고,2021111500100026,2021년 11월 15일 03시,월요일,부산광역시 기장군 정관읍,중상사고,0,1,0,0,차대차 - 추돌,안전운전불이행,건조,맑음,단일로 - 기타,승용,남,51세,중상,화물,남,50세,기타불명
렌터카사고,2021111700100324,2021년 11월 17일 14시,수요일,부산광역시 사하구 다대동,중상사고,0,1,0,0,차대사람 - 기타,안전운전불이행,건조,맑음,기타 - 기타,승용,여,47세,상해없음,보행자,여,65세,중상
렌터카사고,2021111800100315,2021년 11월 18일 15시,목요일,부산광역시 동구 초량동,중상사고,0,1,0,0,차대차 - 측면충돌,안전운전불이행,건조,맑음,단일로 - 기타,승용,남,26세,상해없음,이륜,남,69세,중상
렌터카사고,2021111900100134,2021년 11월 19일 09시,금요일,부산광역시 수영구 민락동,경상사고,0,0,1,0,차대차 - 기타,안전운전불이행,건조,맑음,교차로 - 교차로안,승용,남,32세,상해없음,자전거,남,55세,경상
렌터카사고,2021111900100617,2021년 11월 19일 21시,금요일,부산광역시 동래구 사직동,중상사고,0,1,0,0,차대차 - 기타,신호위반,건조,맑음,교차로 - 교차로안,승용,남,47세,상해없음,이륜,남,38세,중상
렌터카사고,2021111900100673,2021년 11월 19일 23시,금요일,부산광역시 서구 충무동2가,경상사고,0,0,1,0,차대사람 - 차도통행중,안전운전불이행,건조,맑음,단일로 - 기타,승용,여,30세,상해없음,보행자,여,46세,경상
렌터카사고,2021112000100117,2021년 11월 20일 09시,토요일,부산광역시 해운대구 우동,경상사고,0,0,1,0,차대차 - 측면충돌,교차로운행방법위반,건조,맑음,교차로 - 교차로부근,승용,여,33세,상해없음,승용,남,59세,상해없음
렌터카사고,2021112300100368,2021년 11월 23일 17시,화요일,부산광역시 강서구 대저1동,중상사고,0,1,1,0,차대차 - 기타,안전운전불이행,건조,맑음,단일로 - 기타,승용,남,21세,상해없음,승용,남,57세,경상
렌터카사고,2021112300100425,2021년 11월 23일 18시,화요일,부산광역시 수영구 망미동,중상사고,0,1,1,0,차대차 - 기타,안전운전불이행,건조,맑음,단일로 - 기타,승용,남,37세,상해없음,화물,여,50세,경상
렌터카사고,2021112400100195,2021년 11월 24일 12시,수요일,부산광역시 금정구 장전동,중상사고,0,1,0,0,차대사람 - 횡단중,신호위반,건조,맑음,단일로 - 기타,승용,남,60세,상해없음,보행자,남,7세,중상
렌터카사고,2021112400100233,2021년 11월 24일 13시,수요일,부산광역시 해운대구 송정동,경상사고,0,0,1,0,차대사람 - 기타,안전운전불이행,건조,맑음,단일로 - 기타,승합,남,58세,상해없음,보행자,남,16세,경상
렌터카사고,2021112400100407,2021년 11월 24일 18시,수요일,부산광역시 연제구 거제동,경상사고,0,0,1,0,차대차 - 측면충돌,안전운전불이행,건조,맑음,교차로 - 교차로부근,승용,여,25세,상해없음,승합,남,53세,상해없음
렌터카사고,2021112500100139,2021년 11월 25일 09시,목요일,부산광역시 사하구 하단동,부상신고사고,0,0,0,1,차대차 - 측면충돌,안전운전불이행,건조,맑음,교차로 - 교차로안,승용,남,51세,상해없음,승용,여,36세,부상신고
렌터카사고,2021112600100615,2021년 11월 26일 19시,금요일,부산광역시 수영구 광안동,경상사고,0,0,1,0,차대차 - 측면충돌,중앙선침범,건조,맑음,단일로 - 기타,승용,남,62세,상해없음,원동기,남,28세,경상
렌터카사고,2021112600100655,2021년 11월 26일 20시,금요일,부산광역시 북구 화명동,중상사고,0,1,0,0,차대차 - 측면충돌,안전운전불이행,건조,맑음,교차로 - 교차로안,승용,여,36세,상해없음,승용,여,52세,상해없음
렌터카사고,2021112700100091,2021년 11월 27일 09시,토요일,부산광역시 금정구 노포동,경상사고,0,0,5,0,차대차 - 추돌,안전운전불이행,건조,맑음,단일로 - 기타,승용,남,29세,상해없음,승합,남,48세,상해없음
렌터카사고,2021112900100098,2021년 11월 29일 08시,월요일,부산광역시 해운대구 송정동,경상사고,0,0,1,0,차대차 - 후진중충돌,안전운전불이행,건조,맑음,기타 - 기타,승용,남,65세,상해없음,승용,남,26세,경상
렌터카사고,2021112900100202,2021년 11월 29일 11시,월요일,부산광역시 수영구 망미동,경상사고,0,0,1,0,차대차 - 측면충돌,신호위반,건조,맑음,교차로 - 교차로부근,승용,남,66세,상해없음,자전거,남,64세,경상
렌터카사고,2021113000100081,2021년 11월 30일 07시,화요일,부산광역시 부산진구 가야동,부상신고사고,0,0,0,1,차대차 - 측면충돌,신호위반,건조,기타,교차로 - 교차로안,승용,남,33세,부상신고,승합,남,62세,상해없음
렌터카사고,2021120100100578,2021년 12월 1일 21시,수요일,부산광역시 북구 덕천동,경상사고,0,0,3,0,차대차 - 측면충돌,안전거리미확보,건조,맑음,단일로 - 기타,승용,여,18세,상해없음,이륜,남,38세,경상
렌터카사고,2021120200100267,2021년 12월 2일 13시,목요일,부산광역시 북구 덕천동,중상사고,0,1,0,0,차대사람 - 길가장자리구역통행중,안전운전불이행,건조,맑음,단일로 - 기타,승용,여,55세,상해없음,보행자,여,61세,중상
렌터카사고,2021120200100301,2021년 12월 2일 14시,목요일,부산광역시 부산진구 부전동,경상사고,0,0,1,0,차대차 - 기타,교차로운행방법위반,건조,맑음,교차로 - 교차로안,승용,남,47세,상해없음,승용,여,58세,경상
렌터카사고,2021120200100372,2021년 12월 2일 16시,목요일,부산광역시 부산진구 범천동,경상사고,0,0,1,0,차대차 - 기타,안전거리미확보,건조,맑음,단일로 - 기타,승용,남,67세,상해없음,이륜,남,24세,경상
렌터카사고,2021120300100138,2021년 12월 3일 08시,금요일,부산광역시 수영구 광안동,경상사고,0,0,1,0,차대차 - 측면충돌,교차로운행방법위반,건조,맑음,교차로 - 교차로안,승용,남,32세,경상,승합,남,61세,상해없음
렌터카사고,2021120400100491,2021년 12월 4일 21시,토요일,부산광역시 부산진구 부전동,경상사고,0,0,1,0,차대사람 - 기타,안전운전불이행,건조,맑음,단일로 - 기타,승용,남,18세,상해없음,보행자,남,26세,경상