사고부문,사고번호,사고일시,요일,시군구,사고내용,사망자수,중상자수,경상자수,부상신고자수,사고유형,법규위반,노면상태,기상상태,도로형태,가해운전자 차종,가해운전자 성별,가해운전자 연령,가해운전자 상해정도,피해운전자 차종,피해운전자 성별,피해운전자 연령,피해운전자 상해정도
렌터카사고,2021120600100567,2021년 12월 6일 23시,월요일,부산광역시 사하구 신평동,중상사고,0,1,0,0,차대차 - 측면충돌,신호위반,건조,맑음,교차로 - 교차로안,승용,남,19세,상해없음,승용,남,39세,중상
렌터카사고,2021120700100295,2021년 12월 7일 14시,화요일,부산광역시 동구 초량동,경상사고,0,0,1,0,차대사람 - 길가장자리구역통행중,안전운전불이행,건조,맑음,단일로 - 기타,승용,여,41세,상해없음,보행자,남,43세,경상
렌터카사고,2021120700100576,2021년 12월 7일 22시,화요일,부산광역시 강서구 대저1동,중상사고,0,1,0,0,차대차 - 측면충돌,안전거리미확보,건조,맑음,단일로 - 기타,승용,여,18세,상해없음,승용,여,31세,중상
렌터카사고,2021120800100001,2021년 12월 8일 00시,수요일,부산광역시 부산진구 부전동,경상사고,0,0,1,0,차대사람 - 길가장자리구역통행중,안전운전불이행,건조,맑음,단일로 - 기타,승용,남,23세,상해없음,보행자,남,38세,경상
렌터카사고,2021120800100137,2021년 12월 8일 09시,수요일,부산광역시 기장군 일광면,경상사고,0,0,1,0,차대사람 - 횡단중,보행자보호의무위반,건조,맑음,교차로 - 교차로횡단보도내,승용,여,28세,상해없음,보행자,남,65세,경상
렌터카사고,2.02112E+15,2021년 12월 8일 16시,수요일,부산광역시 영도구 동삼동,중상사고,0,1,0,0,차대사람 - 기타,안전운전불이행,건조,맑음,단일로 - 기타,승용,남,42세,상해없음,보행자,여,70세,중상
렌터카사고,2021120900100421,2021년 12월 9일 19시,목요일,부산광역시 영도구 대교동1가,경상사고,0,0,1,0,차대차 - 정면충돌,안전거리미확보,건조,맑음,단일로 - 기타,승용,여,22세,상해없음,이륜,남,35세,경상
렌터카사고,2021121000100188,2021년 12월 10일 11시,금요일,부산광역시 중구 중앙동4가,경상사고,0,0,2,0,차대차 - 추돌,안전운전불이행,건조,맑음,교차로 - 교차로부근,승용,남,20세,상해없음,승용,남,26세,경상
렌터카사고,2021121000100514,2021년 12월 10일 19시,금요일,부산광역시 수영구 망미동,경상사고,0,0,2,0,차대차 - 기타,신호위반,건조,맑음,교차로 - 교차로안,승용,여,30세,상해없음,승용,남,68세,경상
렌터카사고,2021121100100439,2021년 12월 11일 19시,토요일,부산광역시 부산진구 연지동,경상사고,0,0,2,0,차대차 - 기타,안전거리미확보,건조,맑음,교차로 - 교차로안,승용,여,28세,상해없음,승합,남,55세,경상
렌터카사고,2021121400100386,2021년 12월 14일 18시,화요일,부산광역시 해운대구 우동,경상사고,0,0,2,0,차대차 - 기타,안전거리미확보,건조,맑음,단일로 - 교량,승용,남,21세,상해없음,승용,남,20세,경상
렌터카사고,2021121500100316,2021년 12월 15일 15시,수요일,부산광역시 서구 부민동2가,부상신고사고,0,0,0,1,차대사람 - 횡단중,안전운전불이행,건조,맑음,단일로 - 기타,승용,남,35세,상해없음,보행자,여,72세,부상신고
렌터카사고,2021121500100421,2021년 12월 15일 18시,수요일,부산광역시 강서구 범방동,경상사고,0,0,1,0,차대차 - 기타,안전운전불이행,건조,맑음,단일로 - 기타,승용,여,25세,상해없음,승용,남,53세,경상
렌터카사고,2.02112E+15,2021년 12월 16일 09시,목요일,부산광역시 동구 범일동,부상신고사고,0,0,0,1,차대차 - 측면충돌,교차로운행방법위반,젖음/습기,비,교차로 - 교차로안,승용,여,52세,상해없음,승용,여,65세,상해없음
렌터카사고,2021121600100453,2021년 12월 16일 20시,목요일,부산광역시 해운대구 재송동,경상사고,0,0,1,0,차량단독 - 기타,안전운전불이행,건조,맑음,단일로 - 기타,승용,남,37세,상해없음,,,,
렌터카사고,2021121800100367,2021년 12월 18일 16시,토요일,부산광역시 부산진구 당감동,중상사고,0,1,4,0,차대차 - 추돌,안전운전불이행,건조,맑음,단일로 - 터널,승용,남,18세,상해없음,승용,남,62세,상해없음
렌터카사고,2.02112E+15,2021년 12월 18일 19시,토요일,부산광역시 해운대구 우동,경상사고,0,0,2,0,차대차 - 추돌,안전운전불이행,건조,맑음,단일로 - 기타,승용,남,21세,상해없음,승용,남,39세,경상
렌터카사고,2021122000100441,2021년 12월 20일 18시,월요일,부산광역시 사하구 하단동,경상사고,0,0,2,0,차대차 - 기타,직진우회전진행방해,건조,맑음,교차로 - 교차로안,승용,남,52세,상해없음,승용,남,47세,경상
렌터카사고,2021122000100579,2021년 12월 20일 21시,월요일,부산광역시 사상구 괘법동,중상사고,0,1,0,0,차대차 - 기타,안전운전불이행,건조,맑음,단일로 - 기타,승용,남,21세,상해없음,기타불명,여,59세,중상
렌터카사고,2021122100100497,2021년 12월 21일 21시,화요일,부산광역시 수영구 광안동,중상사고,0,1,0,0,차대차 - 기타,안전운전불이행,건조,맑음,교차로 - 교차로안,승용,남,22세,상해없음,이륜,남,27세,중상
렌터카사고,2021122200100202,2021년 12월 22일 12시,수요일,부산광역시 동구 좌천동,중상사고,0,1,2,0,차대차 - 기타,신호위반,건조,맑음,교차로 - 교차로안,승용,여,52세,상해없음,승용,남,67세,경상
렌터카사고,2021122400100011,2021년 12월 24일 02시,금요일,부산광역시 남구 용호동,부상신고사고,0,0,0,3,차량단독 - 전도전복 - 전복,안전운전불이행,건조,맑음,단일로 - 기타,승용,여,20세,기타불명,,,,
렌터카사고,2021122500100339,2021년 12월 25일 20시,토요일,부산광역시 동구 범일동,경상사고,0,0,1,0,차대차 - 측면충돌,교차로운행방법위반,건조,맑음,교차로 - 교차로안,승용,남,33세,상해없음,이륜,남,30세,경상
렌터카사고,2021122500100416,2021년 12월 25일 23시,토요일,부산광역시 사상구 감전동,중상사고,0,1,0,0,차대차 - 기타,신호위반,건조,맑음,교차로 - 교차로안,승용,남,41세,상해없음,승합,남,56세,중상
렌터카사고,2021122600100026,2021년 12월 26일 08시,일요일,부산광역시 중구 중앙동5가,중상사고,0,1,3,0,차대차 - 기타,교차로운행방법위반,건조,맑음,교차로 - 교차로안,승용,남,27세,경상,승용,남,68세,중상
렌터카사고,2021122700100096,2021년 12월 27일 09시,월요일,부산광역시 중구 동광동3가,경상사고,0,0,1,0,차대사람 - 횡단중,보행자보호의무위반,건조,맑음,교차로 - 교차로안,승용,여,46세,상해없음,보행자,여,28세,경상
렌터카사고,2021122700100186,2021년 12월 27일 12시,월요일,부산광역시 부산진구 범천동,경상사고,0,0,2,0,차대차 - 측면충돌,신호위반,건조,맑음,교차로 - 교차로안,승용,남,38세,상해없음,승용,남,30세,경상
렌터카사고,2.02112E+15,2021년 12월 27일 18시,월요일,부산광역시 부산진구 가야동,경상사고,0,0,1,0,차대차 - 측면충돌,안전거리미확보,건조,맑음,단일로 - 기타,승용,남,27세,상해없음,원동기,남,40세,경상
렌터카사고,2021122800100296,2021년 12월 28일 16시,화요일,부산광역시 동구 초량동,경상사고,0,0,1,0,차대사람 - 보도통행중,기타,건조,맑음,기타 - 기타,승용,여,50세,상해없음,보행자,여,38세,경상
렌터카사고,2021122900100301,2021년 12월 29일 16시,수요일,부산광역시 연제구 연산동,경상사고,0,0,1,0,차대사람 - 기타,안전운전불이행,건조,맑음,단일로 - 기타,승용,여,51세,상해없음,보행자,남,6세,경상
렌터카사고,2.02112E+15,2021년 12월 29일 17시,수요일,부산광역시 동구 범일동,중상사고,0,1,0,0,차대사람 - 횡단중,보행자보호의무위반,건조,맑음,교차로 - 교차로횡단보도내,승용,여,50세,상해없음,보행자,여,72세,중상
렌터카사고,2021123000100214,2021년 12월 30일 13시,목요일,부산광역시 연제구 거제동,경상사고,0,0,1,0,차대차 - 기타,안전운전불이행,건조,맑음,단일로 - 기타,승용,여,35세,상해없음,자전거,남,77세,경상
렌터카사고,2.02112E+15,2021년 12월 30일 21시,목요일,부산광역시 금정구 선동,사망사고,1,0,0,0,차대차 - 기타,안전운전불이행,건조,맑음,단일로 - 기타,승용,남,48세,상해없음,승용,남,46세,사망
렌터카사고,2.02112E+15,2021년 12월 31일 05시,금요일,부산광역시 해운대구 재송동,부상신고사고,0,0,0,1,차량단독 - 공작물충돌,안전운전불이행,건조,맑음,단일로 - 기타,승용,남,32세,상해없음,,,,
렌터카사고,2021123100100059,2021년 12월 31일 08시,금요일,부산광역시 북구 덕천동,경상사고,0,0,1,0,차대차 - 기타,안전운전불이행,건조,맑음,교차로 - 교차로부근,승용,남,43세,상해없음,승용,남,29세,경상
렌터카사고,2022010100100253,2022년 1월 1일 18시,토요일,부산광역시 사상구 주례동,경상사고,0,0,1,0,차대차 - 측면충돌,신호위반,건조,흐림,단일로 - 기타,승용,남,42세,기타불명,승용,남,63세,경상
렌터카사고,2022010300100129,2022년 1월 3일 09시,월요일,부산광역시 남구 대연동,경상사고,0,0,2,0,차대차 - 추돌,안전거리미확보,건조,맑음,교차로 - 교차로부근,승용,남,48세,상해없음,화물,남,51세,상해없음
렌터카사고,2022010300100191,2022년 1월 3일 11시,월요일,부산광역시 사상구 엄궁동,중상사고,0,2,0,0,차대차 - 기타,안전운전불이행,건조,맑음,단일로 - 지하차도(도로)내,승용,남,60세,중상,승용,남,57세,상해없음
렌터카사고,2022010300100221,2022년 1월 3일 12시,월요일,부산광역시 부산진구 전포동,경상사고,0,0,1,0,차대차 - 측면충돌,신호위반,건조,맑음,교차로 - 교차로안,승용,남,60세,상해없음,이륜,남,33세,경상
렌터카사고,2022010400100319,2022년 1월 4일 16시,화요일,부산광역시 금정구 장전동,중상사고,0,1,0,4,차대차 - 측면충돌,교차로운행방법위반,건조,맑음,교차로 - 교차로안,승용,여,59세,부상신고,승용,남,59세,부상신고
렌터카사고,2022010400100391,2022년 1월 4일 18시,화요일,부산광역시 북구 화명동,중상사고,0,1,0,0,차대차 - 측면충돌,중앙선침범,건조,맑음,단일로 - 기타,승용,여,33세,상해없음,이륜,남,27세,중상
렌터카사고,2022010600100326,2022년 1월 6일 16시,목요일,부산광역시 부산진구 부전동,경상사고,0,0,1,0,차대사람 - 차도통행중,안전운전불이행,건조,맑음,교차로 - 교차로안,승용,남,42세,상해없음,보행자,여,62세,경상
렌터카사고,2022010700100523,2022년 1월 7일 20시,금요일,부산광역시 금정구 부곡동,경상사고,0,0,3,0,차대차 - 추돌,안전운전불이행,건조,맑음,기타 - 기타,승용,남,30세,상해없음,승용,남,42세,경상
렌터카사고,2.02201E+15,2022년 1월 9일 21시,일요일,부산광역시 남구 대연동,경상사고,0,0,1,0,차대차 - 기타,안전운전불이행,건조,맑음,단일로 - 기타,승용,남,51세,상해없음,승용,남,27세,경상
렌터카사고,2022011100100198,2022년 1월 11일 12시,화요일,부산광역시 연제구 연산동,경상사고,0,0,1,0,차대차 - 추돌,안전운전불이행,건조,맑음,단일로 - 기타,승용,남,51세,상해없음,승용,남,48세,경상
렌터카사고,2022011100100273,2022년 1월 11일 14시,화요일,부산광역시 부산진구 전포동,경상사고,0,0,2,0,차대차 - 정면충돌,안전운전불이행,건조,맑음,단일로 - 기타,승용,남,29세,상해없음,화물,남,38세,경상
렌터카사고,2022011200100012,2022년 1월 12일 03시,수요일,부산광역시 부산진구 부전동,중상사고,0,1,0,0,차대차 - 측면충돌,신호위반,건조,맑음,교차로 - 교차로안,승용,남,27세,상해없음,승용,남,50세,중상
렌터카사고,2022011200100192,2022년 1월 12일 12시,수요일,부산광역시 남구 감만동,중상사고,0,1,0,0,차대사람 - 기타,안전운전불이행,건조,맑음,단일로 - 기타,승용,남,33세,상해없음,보행자,여,50세,중상
렌터카사고,2022011200100295,2022년 1월 12일 15시,수요일,부산광역시 금정구 부곡동,경상사고,0,0,2,0,차대차 - 기타,교차로운행방법위반,건조,맑음,교차로 - 교차로안,승용,남,33세,경상,화물,남,30세,경상
렌터카사고,2022011200100327,2022년 1월 12일 16시,수요일,부산광역시 동래구 온천동,경상사고,0,0,1,0,차대사람 - 기타,안전운전불이행,건조,맑음,단일로 - 기타,승용,남,36세,상해없음,보행자,남,3세,경상
렌터카사고,2022011300100072,2022년 1월 13일 08시,목요일,부산광역시 부산진구 개금동,경상사고,0,0,1,0,차대사람 - 차도통행중,안전운전불이행,건조,맑음,기타 - 기타,승용,남,62세,상해없음,보행자,남,28세,경상
렌터카사고,2022011300100404,2022년 1월 13일 18시,목요일,부산광역시 해운대구 우동,경상사고,0,0,1,0,차대차 - 추돌,안전운전불이행,건조,맑음,단일로 - 기타,승용,여,63세,상해없음,승용,남,24세,경상
렌터카사고,2022011300100481,2022년 1월 13일 20시,목요일,부산광역시 강서구 명지동,경상사고,0,0,2,0,차대사람 - 길가장자리구역통행중,안전운전불이행,건조,맑음,교차로 - 교차로안,승용,남,53세,상해없음,보행자,여,49세,경상
렌터카사고,2.02201E+15,2022년 1월 15일 22시,토요일,부산광역시 연제구 연산동,경상사고,0,0,1,0,차대차 - 기타,불법유턴,건조,맑음,교차로 - 교차로부근,승용,남,23세,상해없음,승용,남,22세,경상
렌터카사고,2.02201E+15,2022년 1월 16일 11시,일요일,부산광역시 사하구 장림동,경상사고,0,0,9,0,차대차 - 추돌,안전거리미확보,건조,맑음,단일로 - 기타,승용,여,45세,상해없음,승용,여,36세,경상
렌터카사고,2022011600100112,2022년 1월 16일 12시,일요일,부산광역시 부산진구 전포동,중상사고,0,1,0,0,차대차 - 측면충돌,교차로운행방법위반,건조,맑음,교차로 - 교차로안,승용,남,26세,상해없음,원동기,남,24세,중상
렌터카사고,2022011700100409,2022년 1월 17일 19시,월요일,부산광역시 북구 만덕동,경상사고,0,0,1,0,차대차 - 추돌,안전운전불이행,건조,맑음,교차로 - 교차로부근,승용,여,42세,상해없음,승용,여,54세,경상
렌터카사고,2022011900100417,2022년 1월 19일 20시,수요일,부산광역시 부산진구 전포동,중상사고,0,1,2,0,차대차 - 기타,안전운전불이행,건조,맑음,교차로 - 교차로안,승용,남,42세,상해없음,승용,남,78세,중상
렌터카사고,2022012000100342,2022년 1월 20일 17시,목요일,부산광역시 남구 문현동,중상사고,0,2,2,0,차대차 - 추돌,안전운전불이행,건조,맑음,교차로 - 교차로부근,승용,남,23세,상해없음,승용,여,44세,중상
렌터카사고,2022012200100094,2022년 1월 22일 10시,토요일,부산광역시 금정구 부곡동,경상사고,0,0,2,0,차대차 - 추돌,안전거리미확보,건조,맑음,단일로 - 기타,승용,남,29세,상해없음,승용,여,41세,경상
렌터카사고,2022012200100348,2022년 1월 22일 18시,토요일,부산광역시 부산진구 양정동,경상사고,0,0,2,0,차대차 - 기타,신호위반,건조,맑음,교차로 - 교차로안,승용,남,20세,상해없음,승합,남,61세,경상
렌터카사고,2022012300100177,2022년 1월 23일 15시,일요일,부산광역시 기장군 일광읍,경상사고,0,0,2,0,차대차 - 추돌,안전운전불이행,건조,맑음,단일로 - 기타,승용,여,47세,상해없음,승용,여,62세,경상
렌터카사고,2022012400100455,2022년 1월 24일 19시,월요일,부산광역시 동구 초량동,중상사고,0,1,0,0,차대차 - 정면충돌,교차로운행방법위반,건조,맑음,교차로 - 교차로안,승용,남,31세,상해없음,승용,여,53세,중상
렌터카사고,2022012500100151,2022년 1월 25일 11시,화요일,부산광역시 영도구 동삼동,경상사고,0,0,1,0,차대차 - 후진중충돌,안전운전불이행,건조,맑음,단일로 - 기타,승용,여,27세,상해없음,승용,남,40세,기타불명
렌터카사고,2022012700100285,2022년 1월 27일 15시,목요일,부산광역시 부산진구 전포동,경상사고,0,0,2,0,차대차 - 기타,안전운전불이행,건조,기타,단일로 - 기타,승용,남,37세,상해없음,승용,남,55세,상해없음
렌터카사고,2.02201E+15,2022년 1월 27일 18시,목요일,부산광역시 동래구 온천동,경상사고,0,0,1,0,차대사람 - 횡단중,안전운전불이행,건조,맑음,교차로 - 교차로부근,승용,남,67세,상해없음,보행자,남,40세,경상
렌터카사고,2022012700100548,2022년 1월 27일 23시,목요일,부산광역시 동래구 명장동,중상사고,0,1,0,0,차대차 - 추돌,안전운전불이행,젖음/습기,맑음,단일로 - 기타,승용,남,30세,상해없음,승용,남,42세,중상
렌터카사고,2022012800100112,2022년 1월 28일 10시,금요일,부산광역시 연제구 연산동,경상사고,0,0,1,0,차대차 - 측면충돌,중앙선침범,건조,맑음,단일로 - 기타,승용,여,54세,상해없음,이륜,남,50세,경상
렌터카사고,2022012800100184,2022년 1월 28일 12시,금요일,부산광역시 강서구 지사동,중상사고,0,1,0,0,차대차 - 기타,안전운전불이행,건조,맑음,교차로 - 교차로부근,승용,남,57세,상해없음,자전거,남,34세,중상
렌터카사고,2022012800100393,2022년 1월 28일 17시,금요일,부산광역시 남구 대연동,경상사고,0,0,1,0,차대차 - 측면충돌,안전운전불이행,건조,맑음,단일로 - 기타,승용,남,49세,상해없음,승용,남,30세,경상
렌터카사고,2022012800100579,2022년 1월 28일 21시,금요일,부산광역시 부산진구 부전동,경상사고,0,0,2,0,차대사람 - 길가장자리구역통행중,안전운전불이행,건조,맑음,단일로 - 기타,승용,남,39세,상해없음,보행자,여,25세,경상
렌터카사고,2022012900100011,2022년 1월 29일 01시,토요일,부산광역시 수영구 광안동,경상사고,0,0,2,0,차대차 - 추돌,불법유턴,건조,맑음,교차로 - 교차로부근,승용,남,29세,상해없음,승용,남,28세,경상
렌터카사고,2022012900100262,2022년 1월 29일 16시,토요일,부산광역시 금정구 청룡동,부상신고사고,0,0,0,3,차량단독 - 기타,안전운전불이행,건조,맑음,단일로 - 기타,승용,남,34세,부상신고,,,,
렌터카사고,2022012900100329,2022년 1월 29일 18시,토요일,부산광역시 사하구 다대동,경상사고,0,0,1,0,차대차 - 정면충돌,중앙선침범,건조,맑음,단일로 - 기타,승용,남,59세,상해없음,승용,남,48세,상해없음
렌터카사고,2022013000100084,2022년 1월 30일 12시,일요일,부산광역시 수영구 광안동,경상사고,0,0,1,0,차대차 - 측면충돌,안전운전불이행,건조,맑음,교차로 - 교차로부근,승용,남,28세,상해없음,승용,남,42세,상해없음
렌터카사고,2022013000100357,2022년 1월 30일 22시,일요일,부산광역시 해운대구 우동,경상사고,0,0,2,0,차대차 - 후진중충돌,안전운전불이행,건조,맑음,주차장 - 주차장,승용,남,22세,상해없음,승용,남,26세,경상
렌터카사고,2022020100100074,2022년 2월 1일 12시,화요일,부산광역시 강서구 대저2동,중상사고,0,1,0,0,차대차 - 측면충돌,신호위반,건조,맑음,교차로 - 교차로안,승용,여,38세,상해없음,승합,여,60세,중상
렌터카사고,2022020200100004,2022년 2월 2일 00시,수요일,부산광역시 동래구 안락동,경상사고,0,0,2,0,차대차 - 기타,안전운전불이행,건조,맑음,단일로 - 기타,승용,남,23세,상해없음,승용,남,37세,상해없음
렌터카사고,2022020400100483,2022년 2월 4일 22시,금요일,부산광역시 해운대구 우동,경상사고,0,0,1,0,차대차 - 추돌,안전운전불이행,건조,맑음,교차로 - 교차로부근,승용,남,23세,상해없음,승용,남,57세,경상
렌터카사고,2.02202E+15,2022년 2월 7일 12시,월요일,부산광역시 금정구 남산동,경상사고,0,0,1,0,차대사람 - 길가장자리구역통행중,안전운전불이행,건조,맑음,단일로 - 기타,승용,여,44세,상해없음,보행자,여,89세,경상
렌터카사고,2022020800100196,2022년 2월 8일 13시,화요일,부산광역시 부산진구 부전동,경상사고,0,0,1,0,차대사람 - 기타,안전운전불이행,건조,맑음,단일로 - 기타,승용,여,69세,상해없음,보행자,남,33세,경상
렌터카사고,2022020800100516,2022년 2월 8일 23시,화요일,부산광역시 부산진구 양정동,경상사고,0,0,3,0,차대차 - 기타,안전운전불이행,건조,맑음,단일로 - 기타,승용,남,54세,상해없음,승용,남,57세,경상
렌터카사고,2022020900100121,2022년 2월 9일 10시,수요일,부산광역시 부산진구 부전동,중상사고,0,1,0,0,차대차 - 추돌,신호위반,건조,맑음,교차로 - 교차로안,승용,남,38세,상해없음,이륜,남,50세,중상
렌터카사고,2022020900100122,2022년 2월 9일 10시,수요일,부산광역시 사상구 학장동,경상사고,0,0,1,0,차대차 - 측면충돌,안전거리미확보,건조,맑음,단일로 - 기타,승용,여,51세,상해없음,승용,남,26세,경상
렌터카사고,2.02202E+15,2022년 2월 10일 14시,목요일,부산광역시 연제구 연산동,경상사고,0,0,1,0,차대사람 - 기타,안전운전불이행,건조,맑음,단일로 - 기타,승용,남,36세,상해없음,보행자,여,53세,경상
렌터카사고,2022021100100505,2022년 2월 11일 22시,금요일,부산광역시 부산진구 부전동,경상사고,0,0,1,0,차대사람 - 길가장자리구역통행중,안전운전불이행,건조,맑음,기타 - 기타,승용,여,18세,상해없음,보행자,남,60세,경상
렌터카사고,2022021300100116,2022년 2월 13일 14시,일요일,부산광역시 북구 덕천동,경상사고,0,0,2,0,차대차 - 측면충돌,차로위반,건조,맑음,단일로 - 기타,승용,남,22세,상해없음,승용,여,26세,경상
렌터카사고,2022021800100471,2022년 2월 18일 21시,금요일,부산광역시 북구 덕천동,중상사고,0,1,0,0,차대사람 - 기타,안전운전불이행,건조,맑음,단일로 - 기타,승용,남,26세,상해없음,보행자,남,52세,중상
렌터카사고,2022021900100153,2022년 2월 19일 13시,토요일,부산광역시 사상구 모라동,경상사고,0,0,2,0,차대차 - 측면충돌,안전운전불이행,건조,맑음,단일로 - 기타,승용,남,23세,경상,승용,남,71세,상해없음
렌터카사고,2022021900100219,2022년 2월 19일 15시,토요일,부산광역시 부산진구 부전동,중상사고,0,1,0,0,차대사람 - 횡단중,신호위반,건조,맑음,단일로 - 기타,승용,여,36세,상해없음,보행자,남,65세,중상
렌터카사고,2022021900100416,2022년 2월 19일 22시,토요일,부산광역시 사하구 괴정동,중상사고,0,1,0,0,차대사람 - 기타,안전운전불이행,건조,맑음,단일로 - 기타,승용,남,64세,상해없음,보행자,남,64세,중상
렌터카사고,2022022000100013,2022년 2월 20일 01시,일요일,부산광역시 연제구 거제동,중상사고,0,1,0,0,차대사람 - 차도통행중,안전운전불이행,건조,맑음,교차로 - 교차로안,승용,남,18세,상해없음,보행자,남,63세,중상
렌터카사고,2022022100100015,2022년 2월 21일 03시,월요일,부산광역시 수영구 민락동,중상사고,0,1,0,0,차대차 - 기타,안전운전불이행,건조,맑음,교차로 - 교차로안,승용,남,48세,상해없음,이륜,남,43세,중상
렌터카사고,2022022300100119,2022년 2월 23일 11시,수요일,부산광역시 사상구 감전동,중상사고,0,1,4,0,차대차 - 측면충돌,안전거리미확보,건조,맑음,교차로 - 교차로부근,승용,남,52세,경상,승용,남,26세,경상
렌터카사고,2.02202E+15,2022년 2월 24일 09시,목요일,부산광역시 금정구 부곡동,경상사고,0,0,2,0,차대차 - 측면충돌,안전운전불이행,건조,맑음,교차로 - 교차로안,승용,남,25세,상해없음,승용,남,44세,경상
렌터카사고,2.02202E+15,2022년 2월 25일 10시,금요일,부산광역시 연제구 연산동,경상사고,0,0,1,0,차대차 - 정면충돌,직진우회전진행방해,건조,맑음,교차로 - 교차로안,승용,남,31세,상해없음,승용,여,38세,경상
렌터카사고,2022022700100078,2022년 2월 27일 11시,일요일,부산광역시 금정구 청룡동,중상사고,0,1,1,0,차량단독 - 기타,안전운전불이행,건조,맑음,단일로 - 기타,승합,남,64세,상해없음,,,,
렌터카사고,2022030200100055,2022년 3월 2일 08시,수요일,부산광역시 동래구 수안동,경상사고,0,0,1,0,차대차 - 측면충돌,안전운전불이행,건조,맑음,단일로 - 교량,승용,남,47세,상해없음,화물,남,38세,상해없음
렌터카사고,2022030200100439,2022년 3월 2일 19시,수요일,부산광역시 강서구 대저2동,경상사고,0,0,1,0,차대차 - 추돌,안전운전불이행,건조,맑음,단일로 - 기타,승용,여,43세,상해없음,승용,남,24세,경상
렌터카사고,2022030300100385,2022년 3월 3일 18시,목요일,부산광역시 남구 대연동,중상사고,0,1,0,0,차대사람 - 차도통행중,안전운전불이행,건조,맑음,교차로 - 교차로부근,승용,남,44세,상해없음,보행자,여,62세,중상
렌터카사고,2022030500100119,2022년 3월 5일 11시,토요일,부산광역시 동래구 안락동,경상사고,0,0,1,0,차대차 - 기타,교차로운행방법위반,건조,맑음,교차로 - 교차로부근,승용,여,42세,상해없음,승용,여,52세,경상
렌터카사고,2022030500100445,2022년 3월 5일 23시,토요일,부산광역시 부산진구 범천동,경상사고,0,0,1,0,차대차 - 기타,안전거리미확보,건조,맑음,단일로 - 기타,승용,남,34세,상해없음,승용,남,73세,상해없음
렌터카사고,2022030600100088,2022년 3월 6일 12시,일요일,부산광역시 해운대구 우동,경상사고,0,0,1,0,차대차 - 측면충돌,신호위반,건조,맑음,단일로 - 터널,승용,남,60세,상해없음,승용,여,31세,경상
렌터카사고,2.02203E+15,2022년 3월 6일 18시,일요일,부산광역시 서구 토성동1가,중상사고,0,1,0,0,차대사람 - 횡단중,안전운전불이행,건조,맑음,교차로 - 교차로부근,승용,여,43세,상해없음,보행자,남,60세,중상
렌터카사고,2022030800100103,2022년 3월 8일 10시,화요일,부산광역시 동래구 온천동,경상사고,0,0,1,0,차대차 - 추돌,신호위반,건조,맑음,교차로 - 교차로안,승용,남,51세,상해없음,승용,남,79세,경상
렌터카사고,2022030800100238,2022년 3월 8일 15시,화요일,부산광역시 남구 대연동,중상사고,0,1,0,0,차대사람 - 차도통행중,안전운전불이행,건조,맑음,교차로 - 교차로안,승용,여,31세,상해없음,보행자,여,22세,중상
렌터카사고,2022030800100309,2022년 3월 8일 17시,화요일,부산광역시 금정구 노포동,경상사고,0,0,1,0,차대차 - 측면충돌,신호위반,건조,맑음,기타 - 기타,승용,남,50세,상해없음,승용,남,58세,경상
렌터카사고,2.02203E+15,2022년 3월 8일 17시,화요일,부산광역시 금정구 구서동,경상사고,0,0,1,0,차대차 - 측면충돌,기타,건조,맑음,교차로 - 교차로안,승용,여,66세,상해없음,승용,여,38세,경상
렌터카사고,2022030800100377,2022년 3월 8일 19시,화요일,부산광역시 수영구 수영동,경상사고,0,0,1,0,차대사람 - 차도통행중,안전운전불이행,건조,맑음,단일로 - 기타,승용,남,35세,상해없음,보행자,남,65세,경상
렌터카사고,2022030900100002,2022년 3월 9일 00시,수요일,부산광역시 중구 영주동,중상사고,0,1,0,0,차대사람 - 횡단중,안전운전불이행,건조,맑음,교차로 - 교차로부근,승용,남,22세,상해없음,보행자,남,28세,중상
렌터카사고,2.02203E+15,2022년 3월 9일 22시,수요일,부산광역시 수영구 광안동,경상사고,0,0,1,0,차대차 - 추돌,안전운전불이행,건조,맑음,교차로 - 교차로안,승용,남,22세,상해없음,이륜,남,41세,경상
렌터카사고,2022031000100216,2022년 3월 10일 14시,목요일,부산광역시 영도구 동삼동,중상사고,0,1,1,0,차대차 - 추돌,기타,건조,맑음,교차로 - 교차로안,승용,남,19세,상해없음,승용,남,64세,중상