사고부문,사고번호,사고일시,요일,시군구,사고내용,사망자수,중상자수,경상자수,부상신고자수,사고유형,법규위반,노면상태,기상상태,도로형태,가해운전자 차종,가해운전자 성별,가해운전자 연령,가해운전자 상해정도,피해운전자 차종,피해운전자 성별,피해운전자 연령,피해운전자 상해정도
렌터카사고,2022061500100151,2022년 6월 15일 10시,수요일,부산광역시 사하구 신평동,경상사고,0,0,1,0,차대차 - 기타,안전거리미확보,건조,맑음,단일로 - 지하차도(도로)내,승용,남,31세,기타불명,승용,남,30세,경상
렌터카사고,2022061500100274,2022년 6월 15일 14시,수요일,부산광역시 부산진구 부전동,경상사고,0,0,1,0,차대차 - 측면충돌,안전운전불이행,건조,맑음,기타 - 기타,승용,남,55세,상해없음,화물,남,49세,경상
렌터카사고,2022061600100091,2022년 6월 16일 08시,목요일,부산광역시 동래구 명륜동,중상사고,0,1,0,0,차대사람 - 횡단중,안전운전불이행,건조,맑음,단일로 - 기타,승용,여,40세,상해없음,보행자,여,32세,중상
렌터카사고,2022061600100352,2022년 6월 16일 16시,목요일,부산광역시 강서구 대저1동,경상사고,0,0,1,0,차대차 - 기타,안전운전불이행,건조,맑음,교차로 - 교차로부근,승용,남,47세,상해없음,화물,남,49세,경상
렌터카사고,2022061800100554,2022년 6월 18일 22시,토요일,부산광역시 강서구 대저1동,사망사고,1,0,0,0,차대사람 - 기타,기타,건조,맑음,단일로 - 기타,승용,남,46세,상해없음,보행자,남,66세,사망
렌터카사고,2022061900100096,2022년 6월 19일 09시,일요일,부산광역시 금정구 금사동,중상사고,0,1,0,0,차대차 - 기타,기타,건조,맑음,교차로 - 교차로안,승용,남,51세,상해없음,승용,남,53세,상해없음
렌터카사고,2022061900100278,2022년 6월 19일 17시,일요일,부산광역시 동래구 사직동,중상사고,0,1,0,0,차대사람 - 차도통행중,안전운전불이행,건조,맑음,단일로 - 기타,승용,여,41세,상해없음,보행자,여,67세,중상
렌터카사고,2022062000100367,2022년 6월 20일 15시,월요일,부산광역시 수영구 남천동,경상사고,0,0,1,0,차대차 - 기타,안전운전불이행,건조,맑음,교차로 - 교차로안,승용,여,34세,상해없음,자전거,남,67세,경상
렌터카사고,2022062100100076,2022년 6월 21일 08시,화요일,부산광역시 금정구 장전동,경상사고,0,0,2,0,차대차 - 추돌,안전거리미확보,건조,맑음,단일로 - 기타,승용,남,46세,경상,건설기계,남,36세,경상
렌터카사고,2022062100100597,2022년 6월 21일 23시,화요일,부산광역시 서구 서대신동2가,부상신고사고,0,0,0,1,차대차 - 기타,교차로운행방법위반,건조,맑음,교차로 - 교차로안,승용,남,23세,상해없음,승용,남,47세,부상신고
렌터카사고,2022062200100034,2022년 6월 22일 05시,수요일,부산광역시 서구 충무동1가,중상사고,0,1,0,0,차대차 - 측면충돌,신호위반,건조,맑음,교차로 - 교차로안,승용,남,65세,상해없음,이륜,남,68세,중상
렌터카사고,2022062300100144,2022년 6월 23일 09시,목요일,부산광역시 동래구 명륜동,경상사고,0,0,1,0,차대차 - 기타,중앙선침범,젖음/습기,비,단일로 - 교량,승용,남,55세,상해없음,이륜,남,31세,경상
렌터카사고,2022062300100296,2022년 6월 23일 14시,목요일,부산광역시 수영구 남천동,경상사고,0,0,2,0,차대차 - 기타,안전운전불이행,건조,맑음,단일로 - 기타,승용,남,28세,상해없음,승용,여,33세,경상
렌터카사고,2022062400100088,2022년 6월 24일 07시,금요일,부산광역시 서구 아미동2가,중상사고,0,1,0,0,차대차 - 추돌,안전운전불이행,젖음/습기,맑음,교차로 - 교차로부근,승용,남,41세,상해없음,이륜,남,63세,중상
렌터카사고,2022062400100602,2022년 6월 24일 22시,금요일,부산광역시 강서구 송정동,중상사고,0,1,1,0,차대차 - 측면충돌,신호위반,건조,맑음,교차로 - 교차로안,승용,남,48세,상해없음,승용,남,61세,중상
렌터카사고,2022062400100624,2022년 6월 24일 23시,금요일,부산광역시 부산진구 양정동,중상사고,0,2,1,0,차대차 - 기타,신호위반,건조,맑음,교차로 - 교차로안,승용,여,33세,기타불명,승용,여,59세,경상
렌터카사고,2022062500100586,2022년 6월 25일 21시,토요일,부산광역시 북구 만덕동,경상사고,0,0,3,0,차대차 - 기타,안전거리미확보,건조,맑음,단일로 - 기타,승용,여,32세,상해없음,승용,여,30세,경상
렌터카사고,2022062700100188,2022년 6월 27일 11시,월요일,부산광역시 수영구 남천동,경상사고,0,0,1,0,차대차 - 기타,안전운전불이행,젖음/습기,비,교차로 - 교차로안,승용,남,40세,기타불명,이륜,남,36세,경상
렌터카사고,2022062700100458,2022년 6월 27일 19시,월요일,부산광역시 동래구 온천동,경상사고,0,0,1,0,차대사람 - 보도통행중,보행자보호의무위반,건조,맑음,단일로 - 기타,승용,남,64세,상해없음,보행자,남,59세,경상
렌터카사고,2022062800100369,2022년 6월 28일 17시,화요일,부산광역시 동래구 사직동,경상사고,0,0,1,0,차대사람 - 기타,안전운전불이행,건조,맑음,단일로 - 기타,승용,여,29세,상해없음,보행자,여,53세,경상
렌터카사고,2022062900100245,2022년 6월 29일 13시,수요일,부산광역시 강서구 대저2동,경상사고,0,0,1,0,차대차 - 측면충돌,신호위반,건조,맑음,교차로 - 교차로부근,승용,남,59세,상해없음,승용,여,25세,경상
렌터카사고,2022062900100471,2022년 6월 29일 19시,수요일,부산광역시 사상구 모라동,중상사고,0,1,1,0,차대차 - 추돌,안전운전불이행,젖음/습기,비,단일로 - 기타,승용,남,51세,상해없음,승용,남,50세,중상
렌터카사고,2022063000100111,2022년 6월 30일 08시,목요일,부산광역시 영도구 영선동1가,경상사고,0,0,1,0,차대차 - 기타,안전운전불이행,건조,맑음,기타 - 기타,승용,여,51세,상해없음,승용,여,25세,경상
렌터카사고,2022070100100135,2022년 7월 1일 09시,금요일,부산광역시 남구 대연동,중상사고,0,1,0,0,차대사람 - 기타,기타,건조,맑음,기타 - 기타,승용,남,28세,기타불명,보행자,여,76세,중상
렌터카사고,2022070200100033,2022년 7월 2일 02시,토요일,부산광역시 부산진구 전포동,중상사고,0,2,0,0,차대사람 - 횡단중,신호위반,건조,맑음,교차로 - 교차로횡단보도내,승용,남,45세,상해없음,보행자,여,24세,중상
렌터카사고,2022070200100305,2022년 7월 2일 14시,토요일,부산광역시 수영구 광안동,부상신고사고,0,0,0,1,차대차 - 추돌,안전운전불이행,건조,맑음,단일로 - 기타,승용,남,24세,기타불명,승용,남,28세,부상신고
렌터카사고,2022070200100405,2022년 7월 2일 17시,토요일,부산광역시 서구 암남동,경상사고,0,0,1,0,차대차 - 기타,안전운전불이행,건조,맑음,단일로 - 지하차도(도로)내,승용,남,49세,상해없음,승용,남,56세,상해없음
렌터카사고,2022070200100585,2022년 7월 2일 23시,토요일,부산광역시 해운대구 중동,경상사고,0,0,1,0,차대사람 - 기타,안전운전불이행,건조,맑음,단일로 - 기타,승용,남,38세,상해없음,보행자,여,29세,경상
렌터카사고,2022070500100155,2022년 7월 5일 10시,화요일,부산광역시 동구 초량동,경상사고,0,0,1,0,차대차 - 측면충돌,교차로운행방법위반,건조,맑음,교차로 - 교차로안,승용,남,31세,상해없음,승용,남,69세,상해없음
렌터카사고,2022070600100057,2022년 7월 6일 07시,수요일,부산광역시 부산진구 개금동,경상사고,0,0,2,0,차대차 - 추돌,안전운전불이행,건조,맑음,단일로 - 고가도로위,승용,남,21세,상해없음,승용,남,62세,경상
렌터카사고,2022070600100156,2022년 7월 6일 10시,수요일,부산광역시 동구 좌천동,중상사고,0,1,0,0,차대차 - 측면충돌,신호위반,건조,맑음,단일로 - 터널,승용,남,52세,상해없음,승용,남,35세,중상
렌터카사고,2022070600100411,2022년 7월 6일 18시,수요일,부산광역시 사상구 덕포동,중상사고,0,1,0,0,차대사람 - 보도통행중,기타,건조,맑음,단일로 - 기타,승용,남,61세,상해없음,보행자,남,67세,중상
렌터카사고,2022070600100517,2022년 7월 6일 21시,수요일,부산광역시 동래구 온천동,중상사고,0,1,0,0,차대차 - 추돌,안전운전불이행,건조,맑음,단일로 - 기타,승용,남,49세,상해없음,승용,여,26세,중상
렌터카사고,2022070600100518,2022년 7월 6일 21시,수요일,부산광역시 부산진구 부전동,부상신고사고,0,0,0,1,차대차 - 추돌,안전운전불이행,건조,맑음,단일로 - 기타,승용,남,25세,상해없음,승용,남,59세,상해없음
렌터카사고,2.02207E+15,2022년 7월 7일 09시,목요일,부산광역시 부산진구 부전동,경상사고,0,0,1,0,차대사람 - 기타,안전운전불이행,건조,맑음,단일로 - 기타,승용,여,35세,상해없음,보행자,여,66세,경상
렌터카사고,2022070700100376,2022년 7월 7일 16시,목요일,부산광역시 강서구 대저1동,경상사고,0,0,1,0,차대차 - 측면충돌,안전운전불이행,건조,맑음,교차로 - 교차로안,승용,남,34세,상해없음,이륜,남,80세,경상
렌터카사고,2022070800100261,2022년 7월 8일 13시,금요일,부산광역시 연제구 연산동,경상사고,0,0,3,0,차대차 - 기타,차로위반,건조,맑음,단일로 - 기타,승용,남,48세,상해없음,승용,남,51세,경상
렌터카사고,2022070800100293,2022년 7월 8일 14시,금요일,부산광역시 중구 중앙동6가,중상사고,0,1,2,0,차대차 - 측면충돌,안전거리미확보,건조,맑음,교차로 - 교차로부근,승용,남,60세,상해없음,승용,남,73세,중상
렌터카사고,2022071300100407,2022년 7월 13일 18시,수요일,부산광역시 영도구 동삼동,경상사고,0,0,3,0,차대차 - 추돌,안전운전불이행,건조,흐림,교차로 - 교차로부근,승용,남,55세,상해없음,승용,남,57세,경상
렌터카사고,2022071400100555,2022년 7월 14일 20시,목요일,부산광역시 사하구 다대동,경상사고,0,0,4,0,차대차 - 추돌,안전운전불이행,건조,맑음,단일로 - 기타,승용,남,21세,상해없음,승용,남,32세,경상
렌터카사고,2022071500100006,2022년 7월 15일 00시,금요일,부산광역시 부산진구 범천동,경상사고,0,0,1,0,차대차 - 추돌,안전운전불이행,건조,맑음,교차로 - 교차로부근,승용,남,23세,상해없음,이륜,남,27세,경상
렌터카사고,2022071600100514,2022년 7월 16일 22시,토요일,부산광역시 부산진구 부전동,경상사고,0,0,1,2,차대차 - 측면충돌,안전운전불이행,건조,맑음,교차로 - 교차로부근,승용,남,32세,상해없음,승용,남,32세,경상
렌터카사고,2022071800100083,2022년 7월 18일 08시,월요일,부산광역시 수영구 광안동,경상사고,0,0,2,0,차대차 - 측면충돌,안전거리미확보,젖음/습기,비,단일로 - 기타,승용,여,22세,상해없음,승용,남,69세,경상
렌터카사고,2.02207E+15,2022년 7월 18일 09시,월요일,부산광역시 연제구 거제동,경상사고,0,0,1,0,차대차 - 측면충돌,안전거리미확보,젖음/습기,비,단일로 - 기타,승용,여,31세,상해없음,승용,여,56세,경상
렌터카사고,2022071800100163,2022년 7월 18일 10시,월요일,부산광역시 부산진구 가야동,경상사고,0,0,2,0,차대차 - 추돌,안전운전불이행,젖음/습기,비,단일로 - 터널,승용,남,61세,상해없음,특수,남,31세,경상
렌터카사고,2022071900100488,2022년 7월 19일 20시,화요일,부산광역시 부산진구 가야동,중상사고,0,1,0,0,차대차 - 기타,안전운전불이행,건조,맑음,단일로 - 기타,승용,남,62세,상해없음,승용,여,45세,상해없음
렌터카사고,2.02207E+15,2022년 7월 19일 21시,화요일,부산광역시 사하구 다대동,중상사고,0,1,0,0,차대차 - 추돌,중앙선침범,건조,맑음,단일로 - 기타,승용,남,55세,상해없음,원동기,남,29세,중상
렌터카사고,2022072000100091,2022년 7월 20일 08시,수요일,부산광역시 연제구 거제동,경상사고,0,0,1,0,차대차 - 측면충돌,신호위반,건조,맑음,교차로 - 교차로부근,승용,남,49세,상해없음,승용,여,38세,경상
렌터카사고,2022072100100413,2022년 7월 21일 18시,목요일,부산광역시 북구 만덕동,경상사고,0,0,1,0,차대차 - 추돌,안전운전불이행,건조,맑음,단일로 - 기타,승용,여,47세,상해없음,승용,여,49세,경상
렌터카사고,2.02207E+15,2022년 7월 23일 22시,토요일,부산광역시 연제구 연산동,경상사고,0,0,1,0,차대차 - 측면충돌,안전운전불이행,젖음/습기,흐림,교차로 - 교차로부근,승용,여,38세,상해없음,승용,남,34세,경상
렌터카사고,2.02207E+15,2022년 7월 24일 14시,일요일,부산광역시 사하구 하단동,경상사고,0,0,2,0,차대차 - 측면충돌,안전거리미확보,건조,맑음,단일로 - 기타,승용,남,18세,상해없음,승용,남,31세,경상
렌터카사고,2022072400100197,2022년 7월 24일 15시,일요일,부산광역시 동구 범일동,중상사고,0,1,0,0,차대차 - 측면충돌,안전거리미확보,건조,맑음,교차로 - 교차로부근,승용,남,54세,상해없음,승용,남,39세,중상
렌터카사고,2022072600100195,2022년 7월 26일 11시,화요일,부산광역시 남구 감만동,경상사고,0,0,1,0,차대차 - 측면충돌,안전거리미확보,건조,맑음,단일로 - 기타,승용,여,23세,상해없음,승용,남,49세,경상
렌터카사고,2022072700100524,2022년 7월 27일 21시,수요일,부산광역시 해운대구 우동,경상사고,0,0,1,0,차대차 - 추돌,안전운전불이행,건조,맑음,단일로 - 기타,승용,남,24세,상해없음,승용,여,55세,경상
렌터카사고,2022072800100048,2022년 7월 28일 06시,목요일,부산광역시 동래구 안락동,경상사고,0,0,1,0,차대차 - 측면충돌,교차로운행방법위반,건조,맑음,교차로 - 교차로부근,승용,남,65세,상해없음,승용,여,51세,경상
렌터카사고,2022072800100222,2022년 7월 28일 12시,목요일,부산광역시 연제구 연산동,경상사고,0,0,1,0,차대차 - 기타,안전운전불이행,젖음/습기,흐림,교차로 - 교차로부근,승용,남,51세,상해없음,이륜,남,33세,경상
렌터카사고,2022073000100509,2022년 7월 30일 21시,토요일,부산광역시 연제구 연산동,중상사고,0,1,0,0,차대차 - 측면충돌,신호위반,건조,맑음,단일로 - 기타,승용,남,18세,상해없음,이륜,남,26세,중상
렌터카사고,2022080100100182,2022년 8월 1일 12시,월요일,부산광역시 금정구 금사동,부상신고사고,0,0,0,1,차대차 - 기타,안전운전불이행,젖음/습기,맑음,기타 - 기타,승용,여,34세,상해없음,이륜,남,20세,부상신고
렌터카사고,2022080100100299,2022년 8월 1일 16시,월요일,부산광역시 수영구 민락동,경상사고,0,0,2,0,차대차 - 정면충돌,안전운전불이행,건조,맑음,단일로 - 기타,승용,기타불명,미분류,기타불명,승용,여,43세,경상
렌터카사고,2022080100100376,2022년 8월 1일 18시,월요일,부산광역시 수영구 민락동,경상사고,0,0,1,0,차대차 - 측면충돌,안전운전불이행,건조,맑음,단일로 - 기타,승용,남,35세,상해없음,승용,남,30세,경상
렌터카사고,2022080100100414,2022년 8월 1일 19시,월요일,부산광역시 금정구 구서동,경상사고,0,0,1,0,차대차 - 측면충돌,안전거리미확보,건조,맑음,단일로 - 기타,승용,남,68세,상해없음,승용,남,43세,경상
렌터카사고,2022080300100271,2022년 8월 3일 14시,수요일,부산광역시 사하구 괴정동,경상사고,0,0,1,0,차대차 - 측면충돌,교차로운행방법위반,건조,맑음,교차로 - 교차로안,승용,남,21세,상해없음,이륜,남,39세,경상
렌터카사고,2022080400100069,2022년 8월 4일 08시,목요일,부산광역시 연제구 거제동,경상사고,0,0,1,0,차대차 - 측면충돌,신호위반,건조,맑음,교차로 - 교차로횡단보도내,승용,남,19세,상해없음,이륜,남,46세,경상
렌터카사고,2022080500100451,2022년 8월 5일 18시,금요일,부산광역시 동래구 온천동,경상사고,0,0,1,0,차대차 - 측면충돌,신호위반,건조,맑음,단일로 - 기타,승용,여,27세,상해없음,승용,남,26세,경상
렌터카사고,2022080600100025,2022년 8월 6일 03시,토요일,부산광역시 사하구 하단동,중상사고,0,2,1,0,차대차 - 측면충돌,신호위반,건조,맑음,교차로 - 교차로안,승용,여,58세,기타불명,승용,남,59세,경상
렌터카사고,2022080800100071,2022년 8월 8일 08시,월요일,부산광역시 부산진구 개금동,경상사고,0,0,1,0,차대사람 - 횡단중,안전운전불이행,건조,맑음,기타 - 기타,승용,여,26세,상해없음,보행자,남,68세,경상
렌터카사고,2022080900100328,2022년 8월 9일 17시,화요일,부산광역시 연제구 연산동,경상사고,0,0,1,0,차대차 - 기타,안전운전불이행,건조,맑음,교차로 - 교차로안,승합,남,50세,상해없음,승용,여,34세,경상
렌터카사고,2022081000100305,2022년 8월 10일 16시,수요일,부산광역시 금정구 장전동,경상사고,0,0,1,0,차대차 - 기타,안전운전불이행,건조,맑음,기타 - 기타,승용,여,46세,상해없음,이륜,남,58세,경상
렌터카사고,2022081000100481,2022년 8월 10일 21시,수요일,부산광역시 동래구 안락동,중상사고,0,1,0,0,차대차 - 측면충돌,교차로운행방법위반,건조,맑음,교차로 - 교차로안,승용,남,27세,상해없음,이륜,남,67세,중상
렌터카사고,2022081100100297,2022년 8월 11일 16시,목요일,부산광역시 동래구 온천동,중상사고,0,1,0,0,차대사람 - 보도통행중,안전운전불이행,건조,맑음,기타 - 기타,승용,남,49세,상해없음,보행자,남,53세,중상
렌터카사고,2022081300100025,2022년 8월 13일 02시,토요일,부산광역시 동구 범일동,경상사고,0,0,1,0,차대차 - 측면충돌,교차로운행방법위반,건조,맑음,교차로 - 교차로안,승용,남,49세,상해없음,승용,남,52세,경상
렌터카사고,2022081400100186,2022년 8월 14일 15시,일요일,부산광역시 수영구 민락동,중상사고,0,1,0,0,차대차 - 기타,기타,건조,맑음,단일로 - 기타,승용,여,52세,상해없음,자전거,남,45세,중상
렌터카사고,2022081600100344,2022년 8월 16일 16시,화요일,부산광역시 부산진구 부전동,경상사고,0,0,1,0,차대차 - 기타,안전운전불이행,젖음/습기,맑음,교차로 - 교차로안,승용,여,34세,상해없음,원동기,남,30세,경상
렌터카사고,2022081900100225,2022년 8월 19일 12시,금요일,부산광역시 남구 감만동,경상사고,0,0,1,0,차대차 - 기타,안전운전불이행,건조,맑음,단일로 - 기타,승용,남,32세,상해없음,승용,남,33세,경상
렌터카사고,2022082200100364,2022년 8월 22일 17시,월요일,부산광역시 금정구 회동동,경상사고,0,0,1,0,차대사람 - 기타,안전운전불이행,건조,맑음,기타 - 기타,승용,남,41세,상해없음,보행자,여,65세,경상
렌터카사고,2022082200100365,2022년 8월 22일 17시,월요일,부산광역시 금정구 서동,경상사고,0,0,1,0,차대차 - 기타,안전운전불이행,건조,맑음,교차로 - 교차로안,승용,남,57세,상해없음,승용,남,78세,경상
렌터카사고,2022082300100244,2022년 8월 23일 13시,화요일,부산광역시 금정구 서동,부상신고사고,0,0,0,1,차대사람 - 보도통행중,안전운전불이행,건조,맑음,단일로 - 기타,승용,남,59세,상해없음,보행자,여,79세,부상신고
렌터카사고,2022082400100092,2022년 8월 24일 08시,수요일,부산광역시 부산진구 전포동,경상사고,0,0,1,0,차대차 - 측면충돌,안전거리미확보,젖음/습기,흐림,단일로 - 고가도로위,승용,남,46세,경상,화물,남,64세,상해없음
렌터카사고,2022082700100089,2022년 8월 27일 07시,토요일,부산광역시 강서구 천성동,경상사고,0,0,2,0,차대차 - 추돌,안전운전불이행,건조,맑음,단일로 - 기타,승용,남,35세,상해없음,승용,남,74세,경상
렌터카사고,2022082800100341,2022년 8월 28일 17시,일요일,부산광역시 연제구 거제동,경상사고,0,0,2,0,차대차 - 추돌,안전운전불이행,건조,맑음,교차로 - 교차로부근,승용,남,42세,상해없음,승용,남,67세,경상
렌터카사고,2022082900100337,2022년 8월 29일 15시,월요일,부산광역시 동구 초량동,경상사고,0,0,1,0,차대차 - 측면충돌,안전거리미확보,건조,맑음,단일로 - 기타,승합,남,29세,상해없음,승용,남,23세,경상
렌터카사고,2022082900100578,2022년 8월 29일 22시,월요일,부산광역시 금정구 구서동,중상사고,0,1,0,0,차대차 - 측면충돌,안전운전불이행,건조,맑음,기타 - 기타,승용,남,48세,기타불명,승용,여,53세,중상
렌터카사고,2022083000100022,2022년 8월 30일 02시,화요일,부산광역시 수영구 광안동,경상사고,0,0,3,0,차대차 - 후진중충돌,안전운전불이행,건조,맑음,단일로 - 기타,승용,남,29세,상해없음,승용,남,48세,경상
렌터카사고,2022083000100541,2022년 8월 30일 21시,화요일,부산광역시 동래구 온천동,중상사고,0,1,1,0,차대차 - 추돌,안전운전불이행,건조,맑음,단일로 - 기타,승용,남,23세,상해없음,승용,여,51세,중상
렌터카사고,2022090400100058,2022년 9월 4일 06시,일요일,부산광역시 해운대구 좌동,경상사고,0,0,1,0,차대차 - 기타,기타,기타,맑음,단일로 - 기타,승용,남,25세,상해없음,화물,남,28세,상해없음
렌터카사고,2.02209E+15,2022년 9월 4일 10시,일요일,부산광역시 금정구 서동,경상사고,0,0,1,0,차대차 - 측면충돌,직진우회전진행방해,건조,맑음,교차로 - 교차로안,승용,여,26세,상해없음,화물,남,66세,경상
렌터카사고,2022090500100337,2022년 9월 5일 16시,월요일,부산광역시 해운대구 반여동,경상사고,0,0,1,0,차대사람 - 횡단중,보행자보호의무위반,젖음/습기,비,교차로 - 교차로횡단보도내,승용,남,59세,상해없음,보행자,남,44세,경상
렌터카사고,2022090500100586,2022년 9월 5일 21시,월요일,부산광역시 해운대구 우동,경상사고,0,0,1,1,차대차 - 측면충돌,안전운전불이행,건조,맑음,단일로 - 교량,승용,남,37세,상해없음,승용,남,59세,부상신고
렌터카사고,2022090700100264,2022년 9월 7일 11시,수요일,부산광역시 강서구 대저1동,중상사고,0,1,2,0,차대차 - 측면충돌,안전운전불이행,건조,맑음,단일로 - 기타,승용,남,56세,상해없음,승용,여,47세,경상
렌터카사고,2022090700100489,2022년 9월 7일 17시,수요일,부산광역시 서구 서대신동2가,경상사고,0,0,1,0,차대차 - 후진중충돌,안전운전불이행,건조,맑음,단일로 - 기타,승용,남,32세,상해없음,승용,남,41세,경상
렌터카사고,2022090800100221,2022년 9월 8일 11시,목요일,부산광역시 해운대구 중동,경상사고,0,0,1,0,차대차 - 측면충돌,중앙선침범,건조,맑음,단일로 - 기타,승용,여,50세,상해없음,승용,남,68세,경상
렌터카사고,2022090900100307,2022년 9월 9일 15시,금요일,부산광역시 사상구 감전동,경상사고,0,0,2,0,차대사람 - 차도통행중,안전운전불이행,건조,맑음,단일로 - 지하차도(도로)내,승용,여,28세,기타불명,보행자,남,10세,경상
렌터카사고,2022091000100146,2022년 9월 10일 12시,토요일,부산광역시 부산진구 당감동,경상사고,0,0,1,0,차대차 - 측면충돌,안전거리미확보,건조,맑음,단일로 - 기타,승용,남,28세,상해없음,이륜,남,45세,경상
렌터카사고,2022091400100003,2022년 9월 14일 00시,수요일,부산광역시 동래구 온천동,경상사고,0,0,2,0,차대차 - 측면충돌,안전운전불이행,건조,맑음,단일로 - 기타,승용,남,19세,상해없음,승용,남,38세,경상
렌터카사고,2022091400100273,2022년 9월 14일 14시,수요일,부산광역시 영도구 대교동2가,중상사고,0,1,0,0,차대사람 - 차도통행중,안전운전불이행,건조,맑음,단일로 - 지하차도(도로)내,승용,남,41세,상해없음,보행자,여,61세,중상
렌터카사고,2022091400100359,2022년 9월 14일 17시,수요일,부산광역시 동래구 온천동,경상사고,0,0,1,0,차대차 - 정면충돌,중앙선침범,건조,맑음,교차로 - 교차로부근,승용,남,23세,상해없음,승용,여,58세,경상
렌터카사고,2022091600100473,2022년 9월 16일 18시,금요일,부산광역시 강서구 명지동,경상사고,0,0,1,0,차대차 - 기타,안전거리미확보,건조,맑음,단일로 - 기타,승용,남,49세,상해없음,승합,남,53세,상해없음
렌터카사고,2022091800100264,2022년 9월 18일 17시,일요일,부산광역시 남구 용호동,경상사고,0,0,3,0,차대차 - 기타,중앙선침범,건조,맑음,교차로 - 교차로부근,승용,남,22세,상해없음,승용,남,34세,경상
렌터카사고,2022092000100302,2022년 9월 20일 14시,화요일,부산광역시 동래구 수안동,중상사고,0,1,0,0,차대사람 - 횡단중,보행자보호의무위반,건조,맑음,단일로 - 기타,승용,남,41세,상해없음,보행자,여,71세,중상
렌터카사고,2022092000100306,2022년 9월 20일 14시,화요일,부산광역시 강서구 대저2동,경상사고,0,0,1,0,차대차 - 측면충돌,안전운전불이행,건조,맑음,단일로 - 기타,승용,남,41세,상해없음,승용,여,32세,경상
렌터카사고,2022092000100585,2022년 9월 20일 21시,화요일,부산광역시 동래구 온천동,경상사고,0,0,1,0,차대차 - 측면충돌,안전운전불이행,건조,맑음,교차로 - 교차로부근,승용,남,47세,상해없음,승용,남,70세,경상
렌터카사고,2022092100100124,2022년 9월 21일 09시,수요일,부산광역시 해운대구 석대동,사망사고,1,0,0,0,차대차 - 기타,안전운전불이행,건조,맑음,단일로 - 기타,승용,남,23세,상해없음,자전거,남,65세,사망
렌터카사고,2.02209E+15,2022년 9월 21일 17시,수요일,부산광역시 동구 초량동,경상사고,0,0,2,0,차대차 - 측면충돌,교차로운행방법위반,건조,맑음,교차로 - 교차로안,승용,여,43세,경상,승용,남,71세,경상
렌터카사고,2022092100100648,2022년 9월 21일 22시,수요일,부산광역시 부산진구 전포동,경상사고,0,0,2,0,차대차 - 측면충돌,안전운전불이행,건조,맑음,교차로 - 교차로부근,승용,여,38세,상해없음,승용,남,39세,경상
렌터카사고,2022092200100469,2022년 9월 22일 18시,목요일,부산광역시 사하구 장림동,중상사고,0,1,0,0,차대차 - 추돌,안전운전불이행,건조,맑음,단일로 - 기타,승용,남,30세,상해없음,승용,남,37세,중상
렌터카사고,2022092200100633,2022년 9월 22일 23시,목요일,부산광역시 사하구 하단동,경상사고,0,0,1,0,차대사람 - 차도통행중,안전운전불이행,건조,맑음,단일로 - 지하차도(도로)내,승용,남,20세,상해없음,보행자,남,22세,경상
렌터카사고,2022092400100492,2022년 9월 24일 18시,토요일,부산광역시 수영구 광안동,경상사고,0,0,4,0,차대차 - 기타,신호위반,건조,맑음,교차로 - 교차로안,승용,남,41세,경상,승용,여,33세,경상
렌터카사고,2022092800100551,2022년 9월 28일 21시,수요일,부산광역시 북구 덕천동,경상사고,0,0,1,0,차대차 - 기타,안전운전불이행,건조,맑음,단일로 - 기타,승용,남,55세,상해없음,승용,여,33세,경상
렌터카사고,2022092900100527,2022년 9월 29일 19시,목요일,부산광역시 동래구 안락동,경상사고,0,0,1,0,차대차 - 추돌,안전운전불이행,건조,맑음,단일로 - 기타,승용,남,31세,상해없음,승용,남,75세,경상
렌터카사고,2022092900100556,2022년 9월 29일 20시,목요일,부산광역시 해운대구 우동,경상사고,0,0,1,0,차대차 - 측면충돌,교차로운행방법위반,건조,맑음,교차로 - 교차로안,승용,여,21세,상해없음,이륜,남,40세,경상
렌터카사고,2022093000100042,2022년 9월 30일 03시,금요일,부산광역시 부산진구 당감동,경상사고,0,0,1,0,차대차 - 기타,교차로운행방법위반,건조,맑음,교차로 - 교차로안,승용,남,28세,상해없음,개인형이동수단(PM),남,22세,경상
렌터카사고,2022093000100341,2022년 9월 30일 15시,금요일,부산광역시 사하구 감천동,경상사고,0,0,1,0,차대차 - 측면충돌,교차로운행방법위반,건조,맑음,교차로 - 교차로안,승용,남,78세,상해없음,이륜,남,47세,경상