사고부문,사고번호,사고일시,요일,시군구,사고내용,사망자수,중상자수,경상자수,부상신고자수,사고유형,법규위반,노면상태,기상상태,도로형태,가해운전자 차종,가해운전자 성별,가해운전자 연령,가해운전자 상해정도,피해운전자 차종,피해운전자 성별,피해운전자 연령,피해운전자 상해정도
렌터카사고,2022093000100433,2022년 9월 30일 17시,금요일,부산광역시 강서구 명지동,중상사고,0,1,1,0,차대차 - 측면충돌,직진우회전진행방해,건조,맑음,교차로 - 교차로안,승용,남,21세,기타불명,승용,남,54세,경상
렌터카사고,2022093000100508,2022년 9월 30일 18시,금요일,부산광역시 해운대구 우동,경상사고,0,0,1,0,차대차 - 기타,안전거리미확보,건조,맑음,단일로 - 기타,승용,남,39세,상해없음,승용,남,55세,경상
렌터카사고,2022100100100329,2022년 10월 1일 14시,토요일,부산광역시 동구 범일동,경상사고,0,0,1,1,차대차 - 측면충돌,신호위반,건조,맑음,교차로 - 교차로안,승용,여,42세,상해없음,승용,남,73세,경상
렌터카사고,2022100100100527,2022년 10월 1일 19시,토요일,부산광역시 기장군 일광읍,중상사고,0,1,0,0,차대차 - 측면충돌,중앙선침범,건조,맑음,단일로 - 기타,승용,남,42세,상해없음,승용,남,36세,중상
렌터카사고,2022100100100605,2022년 10월 1일 21시,토요일,부산광역시 부산진구 전포동,경상사고,0,0,3,0,차대차 - 기타,안전운전불이행,건조,맑음,단일로 - 기타,승용,남,30세,기타불명,승용,남,34세,경상
렌터카사고,2022100200100186,2022년 10월 2일 14시,일요일,부산광역시 강서구 송정동,중상사고,0,2,0,0,차대차 - 측면충돌,신호위반,건조,맑음,교차로 - 교차로부근,승용,남,49세,상해없음,승용,남,47세,중상
렌터카사고,2.0221E+15,2022년 10월 2일 16시,일요일,부산광역시 기장군 기장읍,경상사고,0,0,2,6,차대차 - 추돌,안전거리미확보,건조,맑음,단일로 - 기타,승용,남,45세,상해없음,승용,남,45세,부상신고
렌터카사고,2022100400100179,2022년 10월 4일 11시,화요일,부산광역시 연제구 연산동,경상사고,0,0,1,0,차대사람 - 길가장자리구역통행중,안전운전불이행,젖음/습기,비,단일로 - 기타,승용,남,39세,상해없음,보행자,여,24세,경상
렌터카사고,2022100400100559,2022년 10월 4일 23시,화요일,부산광역시 연제구 연산동,경상사고,0,0,1,0,차대사람 - 길가장자리구역통행중,안전운전불이행,건조,맑음,단일로 - 기타,승용,남,60세,상해없음,보행자,남,59세,경상
렌터카사고,2022100500100558,2022년 10월 5일 21시,수요일,부산광역시 영도구 영선동3가,경상사고,0,0,1,0,차대차 - 추돌,중앙선침범,건조,맑음,미분류 - 미분류,승용,남,28세,상해없음,승용,남,51세,상해없음
렌터카사고,2.0221E+15,2022년 10월 6일 12시,목요일,부산광역시 부산진구 범천동,경상사고,0,0,4,0,차대차 - 기타,안전운전불이행,건조,맑음,교차로 - 교차로안,승용,남,48세,기타불명,승용,여,35세,경상
렌터카사고,2022100900100039,2022년 10월 9일 03시,일요일,부산광역시 남구 용호동,경상사고,0,0,1,0,차대차 - 정면충돌,중앙선침범,건조,맑음,단일로 - 기타,승용,남,17세,기타불명,승용,남,23세,경상
렌터카사고,2022101000100386,2022년 10월 10일 19시,월요일,부산광역시 사상구 괘법동,중상사고,0,1,0,0,차대사람 - 기타,안전운전불이행,건조,맑음,교차로 - 교차로부근,승용,남,35세,기타불명,보행자,남,77세,중상
렌터카사고,2022101100100286,2022년 10월 11일 13시,화요일,부산광역시 사상구 주례동,경상사고,0,0,1,0,차대차 - 측면충돌,안전거리미확보,건조,맑음,단일로 - 기타,승용,남,74세,상해없음,승용,남,31세,경상
렌터카사고,2022101300100029,2022년 10월 13일 03시,목요일,부산광역시 해운대구 우동,경상사고,0,0,1,0,차대차 - 정면충돌,안전운전불이행,건조,맑음,교차로 - 교차로부근,승용,남,42세,기타불명,화물,남,61세,경상
렌터카사고,2022101300100576,2022년 10월 13일 20시,목요일,부산광역시 부산진구 가야동,경상사고,0,0,1,0,차대차 - 기타,중앙선침범,건조,맑음,단일로 - 기타,승용,남,61세,상해없음,이륜,남,39세,경상
렌터카사고,2022101400100308,2022년 10월 14일 14시,금요일,부산광역시 금정구 구서동,경상사고,0,0,1,0,차대사람 - 차도통행중,기타,건조,맑음,기타 - 기타,승용,남,40세,상해없음,보행자,여,75세,경상
렌터카사고,2022101500100004,2022년 10월 15일 00시,토요일,부산광역시 해운대구 좌동,중상사고,0,1,0,0,차대차 - 추돌,안전운전불이행,건조,맑음,단일로 - 기타,승용,남,49세,상해없음,승용,남,69세,중상
렌터카사고,2022101600100347,2022년 10월 16일 18시,일요일,부산광역시 부산진구 전포동,경상사고,0,0,2,0,차대차 - 기타,안전거리미확보,건조,맑음,교차로 - 교차로안,승용,남,17세,상해없음,승용,남,36세,경상
렌터카사고,2.0221E+15,2022년 10월 17일 13시,월요일,부산광역시 금정구 부곡동,중상사고,0,1,1,0,차대차 - 측면충돌,안전운전불이행,건조,맑음,단일로 - 기타,승용,여,26세,상해없음,화물,남,48세,경상
렌터카사고,2022101700100482,2022년 10월 17일 17시,월요일,부산광역시 수영구 민락동,경상사고,0,0,1,0,차대차 - 기타,교차로운행방법위반,건조,맑음,교차로 - 교차로안,승용,남,40세,상해없음,승합,남,57세,상해없음
렌터카사고,2022101700100669,2022년 10월 17일 21시,월요일,부산광역시 북구 만덕동,경상사고,0,0,1,0,차대차 - 기타,안전거리미확보,건조,맑음,단일로 - 기타,승용,여,24세,상해없음,승용,여,28세,경상
렌터카사고,2022101900100433,2022년 10월 19일 17시,수요일,부산광역시 동래구 온천동,경상사고,0,0,1,0,차대사람 - 횡단중,보행자보호의무위반,건조,맑음,교차로 - 교차로안,승용,여,67세,상해없음,보행자,여,70세,경상
렌터카사고,2.0221E+15,2022년 10월 19일 18시,수요일,부산광역시 기장군 일광읍,경상사고,0,0,1,0,차대차 - 측면충돌,안전운전불이행,건조,맑음,교차로 - 교차로부근,승용,남,41세,상해없음,승용,남,61세,상해없음
렌터카사고,2022102000100144,2022년 10월 20일 09시,목요일,부산광역시 사하구 구평동,경상사고,0,0,1,0,차대차 - 추돌,안전운전불이행,건조,맑음,단일로 - 기타,승용,여,34세,상해없음,화물,남,54세,경상
렌터카사고,2022102100100361,2022년 10월 21일 16시,금요일,부산광역시 강서구 지사동,중상사고,0,1,1,1,차량단독 - 공작물충돌,안전운전불이행,건조,맑음,단일로 - 기타,승용,여,50세,경상,,,,
렌터카사고,2022102100100572,2022년 10월 21일 20시,금요일,부산광역시 강서구 신호동,경상사고,0,0,3,0,차대차 - 추돌,안전운전불이행,건조,맑음,교차로 - 교차로부근,승용,남,49세,상해없음,승용,남,27세,경상
렌터카사고,2022102200100061,2022년 10월 22일 05시,토요일,부산광역시 부산진구 범전동,경상사고,0,0,1,0,차대차 - 측면충돌,안전운전불이행,건조,맑음,단일로 - 기타,승용,여,57세,상해없음,승용,남,30세,경상
렌터카사고,2022102200100129,2022년 10월 22일 09시,토요일,부산광역시 금정구 선동,경상사고,0,0,1,0,차대차 - 기타,안전거리미확보,건조,맑음,교차로 - 교차로안,승용,남,43세,경상,승용,남,34세,상해없음
렌터카사고,2022102300100018,2022년 10월 23일 01시,일요일,부산광역시 해운대구 재송동,경상사고,0,0,1,0,차대차 - 측면충돌,안전운전불이행,건조,맑음,교차로 - 교차로부근,승용,남,30세,상해없음,승용,남,22세,기타불명
렌터카사고,2022102300100335,2022년 10월 23일 18시,일요일,부산광역시 기장군 기장읍,중상사고,0,1,0,0,차대차 - 측면충돌,신호위반,건조,맑음,교차로 - 교차로부근,승용,여,29세,기타불명,이륜,남,27세,중상
렌터카사고,2022102300100365,2022년 10월 23일 19시,일요일,부산광역시 사하구 장림동,중상사고,0,1,1,0,차대차 - 추돌,안전운전불이행,건조,맑음,교차로 - 교차로안,승용,여,27세,상해없음,승용,남,64세,경상
렌터카사고,2022102500100005,2022년 10월 25일 00시,화요일,부산광역시 강서구 강동동,경상사고,0,0,1,0,차대차 - 추돌,안전운전불이행,건조,맑음,단일로 - 기타,승용,남,30세,상해없음,승용,여,65세,경상
렌터카사고,2.0221E+15,2022년 10월 26일 04시,수요일,부산광역시 동구 초량동,경상사고,0,0,1,0,차대차 - 후진중충돌,안전운전불이행,건조,맑음,교차로 - 교차로부근,승용,남,30세,상해없음,이륜,남,26세,경상
렌터카사고,2022102700100231,2022년 10월 27일 11시,목요일,부산광역시 동래구 안락동,경상사고,0,0,1,0,차대차 - 측면충돌,안전거리미확보,건조,맑음,단일로 - 기타,승용,남,35세,기타불명,승용,남,63세,경상
렌터카사고,2.0221E+15,2022년 10월 28일 20시,금요일,부산광역시 수영구 남천동,경상사고,0,0,3,1,차대차 - 측면충돌,신호위반,젖음/습기,비,교차로 - 교차로안,승용,남,20세,상해없음,승용,남,33세,경상
렌터카사고,2022102800100707,2022년 10월 28일 21시,금요일,부산광역시 동래구 온천동,경상사고,0,0,2,0,차대차 - 추돌,안전운전불이행,건조,맑음,주차장 - 주차장,승용,남,43세,상해없음,승용,남,27세,경상
렌터카사고,2022102900100371,2022년 10월 29일 16시,토요일,부산광역시 동래구 명륜동,경상사고,0,0,1,0,차대차 - 후진중충돌,안전운전불이행,건조,맑음,단일로 - 지하차도(도로)내,승용,남,38세,상해없음,이륜,남,36세,경상
렌터카사고,2022103100100409,2022년 10월 31일 17시,월요일,부산광역시 서구 동대신동3가,경상사고,0,0,1,0,차대차 - 측면충돌,신호위반,건조,맑음,교차로 - 교차로안,승용,여,55세,상해없음,이륜,남,63세,경상
렌터카사고,2022110200100069,2022년 11월 2일 07시,수요일,부산광역시 중구 보수동3가,중상사고,0,1,0,0,차대차 - 측면충돌,안전운전불이행,건조,맑음,단일로 - 기타,승용,남,47세,상해없음,승용,여,45세,상해없음
렌터카사고,2022110400100056,2022년 11월 4일 07시,금요일,부산광역시 강서구 명지동,경상사고,0,0,2,0,차대차 - 측면충돌,불법유턴,건조,맑음,단일로 - 기타,승용,여,73세,기타불명,승용,남,39세,경상
렌터카사고,2022110400100436,2022년 11월 4일 16시,금요일,부산광역시 금정구 구서동,경상사고,0,0,1,0,차대사람 - 횡단중,신호위반,건조,맑음,단일로 - 기타,승용,여,23세,상해없음,보행자,여,61세,경상
렌터카사고,2022110400100624,2022년 11월 4일 19시,금요일,부산광역시 금정구 구서동,경상사고,0,0,1,1,차대차 - 측면충돌,신호위반,건조,맑음,단일로 - 기타,승용,여,26세,상해없음,승용,남,45세,경상
렌터카사고,2022110500100542,2022년 11월 5일 19시,토요일,부산광역시 사하구 하단동,경상사고,0,0,1,0,차대차 - 기타,중앙선침범,건조,맑음,교차로 - 교차로부근,승용,남,57세,상해없음,이륜,남,20세,경상
렌터카사고,2022110500100572,2022년 11월 5일 20시,토요일,부산광역시 해운대구 재송동,중상사고,0,3,6,0,차대차 - 기타,기타,건조,맑음,교차로 - 교차로부근,승용,여,52세,상해없음,승용,여,42세,경상
렌터카사고,2022110500100634,2022년 11월 5일 23시,토요일,부산광역시 남구 감만동,경상사고,0,0,1,0,차대차 - 기타,안전운전불이행,건조,맑음,단일로 - 교량,승용,남,30세,상해없음,승용,남,26세,경상
렌터카사고,2022110600100003,2022년 11월 6일 00시,일요일,부산광역시 금정구 남산동,경상사고,0,0,3,0,차대차 - 측면충돌,안전운전불이행,건조,맑음,단일로 - 기타,승용,남,33세,상해없음,승용,남,56세,경상
렌터카사고,2022110600100177,2022년 11월 6일 12시,일요일,부산광역시 연제구 연산동,경상사고,0,0,1,0,차대차 - 기타,교차로운행방법위반,건조,맑음,단일로 - 기타,승용,남,49세,상해없음,원동기,남,35세,경상
렌터카사고,2022110800100474,2022년 11월 8일 18시,화요일,부산광역시 수영구 광안동,중상사고,0,1,0,0,차대차 - 기타,안전운전불이행,건조,맑음,교차로 - 교차로안,승용,남,22세,상해없음,자전거,남,44세,중상
렌터카사고,2.02211E+15,2022년 11월 10일 09시,목요일,부산광역시 동구 초량동,경상사고,0,0,1,1,차대차 - 측면충돌,신호위반,건조,맑음,교차로 - 교차로안,승용,남,61세,상해없음,승용,남,72세,경상
렌터카사고,2022111100100332,2022년 11월 11일 15시,금요일,부산광역시 동구 범일동,경상사고,0,0,1,0,차대차 - 기타,안전운전불이행,건조,맑음,단일로 - 기타,승용,여,49세,상해없음,이륜,남,69세,경상
렌터카사고,2022111300100153,2022년 11월 13일 12시,일요일,부산광역시 부산진구 전포동,경상사고,0,0,1,0,차대차 - 기타,안전운전불이행,건조,맑음,기타 - 기타,승용,남,51세,상해없음,승용,여,66세,경상
렌터카사고,2022111300100389,2022년 11월 13일 20시,일요일,부산광역시 부산진구 전포동,중상사고,0,1,0,0,차대차 - 정면충돌,신호위반,건조,맑음,교차로 - 교차로안,승용,남,22세,상해없음,승용,남,64세,중상
렌터카사고,2.02211E+15,2022년 11월 14일 23시,월요일,부산광역시 남구 대연동,경상사고,0,0,1,0,차대차 - 측면충돌,신호위반,건조,맑음,단일로 - 기타,승용,남,20세,상해없음,승용,여,53세,경상
렌터카사고,2022111700100598,2022년 11월 17일 22시,목요일,부산광역시 남구 대연동,부상신고사고,0,0,0,1,차대사람 - 길가장자리구역통행중,안전운전불이행,건조,맑음,단일로 - 기타,승용,남,32세,상해없음,보행자,남,23세,부상신고
렌터카사고,2022111800100126,2022년 11월 18일 09시,금요일,부산광역시 기장군 일광읍,중상사고,0,1,1,0,차대차 - 측면충돌,신호위반,건조,맑음,교차로 - 교차로안,승용,남,30세,기타불명,승용,남,34세,중상
렌터카사고,2022111800100254,2022년 11월 18일 13시,금요일,부산광역시 해운대구 반여동,경상사고,0,0,1,0,차대차 - 추돌,안전운전불이행,건조,맑음,단일로 - 기타,승용,남,50세,상해없음,화물,남,48세,경상
렌터카사고,2022111800100255,2022년 11월 18일 13시,금요일,부산광역시 금정구 구서동,경상사고,0,0,1,0,차대차 - 측면충돌,안전운전불이행,건조,맑음,단일로 - 기타,승합,여,65세,상해없음,승용,여,30세,경상
렌터카사고,2022111900100434,2022년 11월 19일 18시,토요일,부산광역시 동래구 온천동,경상사고,0,0,4,0,차대차 - 기타,기타,젖음/습기,비,교차로 - 교차로안,승용,남,27세,경상,승용,남,23세,경상
렌터카사고,2022112000100043,2022년 11월 20일 05시,일요일,부산광역시 부산진구 부전동,중상사고,0,2,0,0,차대사람 - 길가장자리구역통행중,안전운전불이행,건조,맑음,단일로 - 기타,승용,남,27세,상해없음,보행자,여,31세,중상
렌터카사고,2022112000100132,2022년 11월 20일 12시,일요일,부산광역시 동구 초량동,경상사고,0,0,1,0,차대사람 - 기타,안전운전불이행,건조,맑음,단일로 - 기타,승용,남,28세,상해없음,보행자,여,28세,경상
렌터카사고,2022112100100129,2022년 11월 21일 09시,월요일,부산광역시 연제구 연산동,중상사고,0,1,1,0,차대차 - 기타,안전운전불이행,건조,맑음,교차로 - 교차로안,승용,여,43세,중상,승용,남,66세,경상
렌터카사고,2022112100100229,2022년 11월 21일 12시,월요일,부산광역시 사하구 장림동,경상사고,0,0,1,0,차대차 - 측면충돌,안전운전불이행,건조,맑음,단일로 - 기타,승용,남,32세,상해없음,승용,남,57세,경상
렌터카사고,2022112200100009,2022년 11월 22일 01시,화요일,부산광역시 해운대구 재송동,경상사고,0,0,4,0,차대차 - 측면충돌,신호위반,건조,맑음,교차로 - 교차로안,승용,남,31세,상해없음,승용,남,22세,경상
렌터카사고,2022112200100251,2022년 11월 22일 14시,화요일,부산광역시 남구 대연동,부상신고사고,0,0,0,1,차대사람 - 길가장자리구역통행중,안전운전불이행,건조,맑음,단일로 - 기타,승용,남,51세,상해없음,보행자,남,32세,부상신고
렌터카사고,2022112200100483,2022년 11월 22일 19시,화요일,부산광역시 사하구 구평동,경상사고,0,0,1,0,차대차 - 추돌,교차로운행방법위반,건조,맑음,교차로 - 교차로안,승용,여,22세,경상,승용,남,54세,상해없음
렌터카사고,2022112300100319,2022년 11월 23일 16시,수요일,부산광역시 남구 용호동,경상사고,0,0,2,0,차대차 - 기타,안전거리미확보,건조,맑음,단일로 - 기타,승용,남,20세,상해없음,승용,남,29세,경상
렌터카사고,2022112300100321,2022년 11월 23일 16시,수요일,부산광역시 북구 만덕동,경상사고,0,0,1,0,차대차 - 기타,안전운전불이행,건조,맑음,교차로 - 교차로안,승용,남,22세,상해없음,승용,남,55세,경상
렌터카사고,2022112400100134,2022년 11월 24일 09시,목요일,부산광역시 부산진구 양정동,경상사고,0,0,3,0,차대차 - 기타,신호위반,건조,맑음,교차로 - 교차로안,승용,남,29세,상해없음,승합,남,54세,상해없음
렌터카사고,2022112500100336,2022년 11월 25일 16시,금요일,부산광역시 부산진구 범천동,경상사고,0,0,1,0,차대차 - 추돌,안전운전불이행,건조,맑음,기타 - 기타,승용,남,20세,상해없음,승용,여,44세,경상
렌터카사고,2022112500100384,2022년 11월 25일 17시,금요일,부산광역시 강서구 대저1동,중상사고,0,1,0,0,차대차 - 기타,신호위반,건조,맑음,단일로 - 기타,승용,남,54세,상해없음,이륜,남,28세,중상
렌터카사고,2022112700100127,2022년 11월 27일 12시,일요일,부산광역시 부산진구 부암동,경상사고,0,0,3,0,차대차 - 측면충돌,안전거리미확보,건조,맑음,교차로 - 교차로안,승용,남,61세,상해없음,승용,남,53세,경상
렌터카사고,2022112700100154,2022년 11월 27일 13시,일요일,부산광역시 기장군 장안읍,경상사고,0,0,1,0,차대차 - 기타,신호위반,건조,맑음,교차로 - 교차로안,승용,남,26세,상해없음,화물,남,75세,상해없음
렌터카사고,2.02211E+15,2022년 11월 28일 12시,월요일,부산광역시 부산진구 양정동,경상사고,0,0,1,0,차대차 - 기타,중앙선침범,건조,맑음,교차로 - 교차로부근,승용,남,77세,상해없음,이륜,남,22세,경상
렌터카사고,2022112800100269,2022년 11월 28일 14시,월요일,부산광역시 서구 서대신동3가,중상사고,0,1,0,0,차대사람 - 횡단중,보행자보호의무위반,건조,맑음,단일로 - 기타,승용,남,25세,상해없음,보행자,여,55세,중상
렌터카사고,2022112800100303,2022년 11월 28일 15시,월요일,부산광역시 부산진구 범천동,경상사고,0,0,1,0,차대사람 - 기타,안전운전불이행,건조,맑음,단일로 - 기타,승용,여,70세,상해없음,보행자,남,63세,경상
렌터카사고,2022112800100305,2022년 11월 28일 15시,월요일,부산광역시 기장군 정관읍,경상사고,0,0,1,0,차대사람 - 횡단중,보행자보호의무위반,건조,맑음,교차로 - 교차로부근,승용,여,46세,상해없음,보행자,남,11세,경상
렌터카사고,2022112800100345,2022년 11월 28일 16시,월요일,부산광역시 동래구 사직동,부상신고사고,0,0,0,1,차대사람 - 횡단중,안전운전불이행,건조,맑음,단일로 - 기타,승용,여,66세,상해없음,보행자,남,7세,부상신고
렌터카사고,2022112800100515,2022년 11월 28일 19시,월요일,부산광역시 동구 범일동,경상사고,0,0,1,0,차대차 - 기타,안전거리미확보,젖음/습기,비,단일로 - 기타,승용,여,29세,상해없음,승용,남,58세,경상
렌터카사고,2.02212E+15,2022년 12월 2일 06시,금요일,부산광역시 기장군 기장읍,사망사고,1,0,0,0,차대사람 - 횡단중,기타,건조,맑음,교차로 - 교차로안,승용,여,68세,상해없음,보행자,여,66세,사망
렌터카사고,2022120200100262,2022년 12월 2일 13시,금요일,부산광역시 금정구 장전동,경상사고,0,0,1,0,차대차 - 측면충돌,교차로운행방법위반,건조,맑음,교차로 - 교차로안,승용,여,66세,상해없음,자전거,남,68세,경상
렌터카사고,2.02212E+15,2022년 12월 3일 08시,토요일,부산광역시 동래구 수안동,경상사고,0,0,1,0,차대차 - 기타,안전거리미확보,건조,맑음,단일로 - 기타,승용,여,44세,상해없음,승합,남,59세,상해없음
렌터카사고,2022120400100029,2022년 12월 4일 02시,일요일,부산광역시 기장군 정관읍,중상사고,0,1,0,0,차대차 - 정면충돌,안전운전불이행,건조,맑음,교차로 - 교차로부근,승용,여,27세,상해없음,승용,남,58세,중상
렌터카사고,2022120800100369,2022년 12월 8일 15시,목요일,부산광역시 금정구 부곡동,경상사고,0,0,1,0,차대차 - 추돌,안전거리미확보,건조,맑음,단일로 - 터널,승용,여,43세,상해없음,승용,여,65세,경상
렌터카사고,2022120900100608,2022년 12월 9일 23시,금요일,부산광역시 동래구 온천동,중상사고,0,1,0,0,차대차 - 측면충돌,안전운전불이행,건조,맑음,교차로 - 교차로안,승용,남,45세,상해없음,이륜,남,42세,중상
렌터카사고,2022121400100499,2022년 12월 14일 18시,수요일,부산광역시 북구 만덕동,경상사고,0,0,4,1,차대차 - 기타,안전운전불이행,건조,맑음,단일로 - 기타,승용,남,28세,상해없음,승용,남,50세,경상
렌터카사고,2022121400100568,2022년 12월 14일 19시,수요일,부산광역시 강서구 대저1동,경상사고,0,0,1,0,차대차 - 기타,안전운전불이행,건조,맑음,단일로 - 기타,승용,남,58세,상해없음,승용,남,40세,경상
렌터카사고,2022121500100193,2022년 12월 15일 11시,목요일,부산광역시 금정구 금사동,경상사고,0,0,1,0,차대차 - 기타,직진우회전진행방해,건조,맑음,교차로 - 교차로안,승용,남,27세,상해없음,화물,남,60세,경상
렌터카사고,2022121500100482,2022년 12월 15일 19시,목요일,부산광역시 남구 문현동,경상사고,0,0,2,0,차대차 - 측면충돌,안전거리미확보,건조,맑음,교차로 - 교차로부근,승용,남,27세,상해없음,승용,여,23세,경상
렌터카사고,2022121600100245,2022년 12월 16일 13시,금요일,부산광역시 금정구 노포동,경상사고,0,0,1,0,차대차 - 기타,안전거리미확보,건조,맑음,단일로 - 기타,승용,남,28세,상해없음,승용,여,40세,경상
렌터카사고,2022121600100547,2022년 12월 16일 22시,금요일,부산광역시 사하구 괴정동,중상사고,0,1,0,0,차대사람 - 횡단중,안전운전불이행,건조,맑음,단일로 - 기타,승용,여,31세,상해없음,보행자,남,66세,중상
렌터카사고,2022121800100039,2022년 12월 18일 02시,일요일,부산광역시 연제구 연산동,경상사고,0,0,1,0,차대사람 - 기타,불법유턴,건조,맑음,단일로 - 기타,승용,남,54세,상해없음,보행자,남,44세,경상
렌터카사고,2022121900100087,2022년 12월 19일 08시,월요일,부산광역시 강서구 녹산동,경상사고,0,0,1,0,차대차 - 기타,안전거리미확보,건조,맑음,단일로 - 기타,승용,남,42세,상해없음,이륜,남,45세,경상
렌터카사고,2022121900100164,2022년 12월 19일 10시,월요일,부산광역시 동래구 온천동,중상사고,0,1,0,0,차대사람 - 횡단중,안전운전불이행,건조,맑음,단일로 - 기타,승용,여,45세,상해없음,보행자,여,24세,중상
렌터카사고,2022121900100258,2022년 12월 19일 13시,월요일,부산광역시 수영구 광안동,경상사고,0,0,1,0,차대사람 - 횡단중,안전운전불이행,건조,맑음,교차로 - 교차로부근,승용,남,52세,상해없음,보행자,남,14세,경상
렌터카사고,2022121900100354,2022년 12월 19일 16시,월요일,부산광역시 부산진구 초읍동,경상사고,0,0,1,0,차대차 - 기타,안전운전불이행,건조,맑음,단일로 - 기타,승합,남,62세,상해없음,이륜,남,24세,경상
렌터카사고,2022121900100381,2022년 12월 19일 17시,월요일,부산광역시 해운대구 우동,경상사고,0,0,1,0,차대차 - 측면충돌,안전거리미확보,건조,맑음,단일로 - 교량,승용,남,21세,상해없음,화물,남,25세,경상
렌터카사고,2022122000100356,2022년 12월 20일 15시,화요일,부산광역시 기장군 정관읍,부상신고사고,0,0,0,1,차대차 - 기타,안전운전불이행,건조,맑음,단일로 - 기타,승용,여,38세,상해없음,이륜,남,35세,부상신고
렌터카사고,2022122100100382,2022년 12월 21일 18시,수요일,부산광역시 해운대구 좌동,경상사고,0,0,1,0,차대차 - 추돌,안전운전불이행,건조,맑음,교차로 - 교차로안,승용,남,65세,상해없음,승용,남,33세,경상
렌터카사고,2.02212E+15,2022년 12월 23일 06시,금요일,부산광역시 남구 대연동,중상사고,0,1,0,0,차대사람 - 차도통행중,안전운전불이행,건조,맑음,교차로 - 교차로부근,승용,남,33세,상해없음,보행자,남,74세,중상
렌터카사고,2022122300100209,2022년 12월 23일 13시,금요일,부산광역시 영도구 동삼동,경상사고,0,0,1,0,차대차 - 추돌,안전운전불이행,건조,맑음,단일로 - 기타,승용,남,44세,상해없음,이륜,여,44세,경상
렌터카사고,2022122300100382,2022년 12월 23일 18시,금요일,부산광역시 강서구 명지동,경상사고,0,0,1,0,차대사람 - 보도통행중,신호위반,건조,맑음,단일로 - 기타,승용,남,56세,상해없음,보행자,남,7세,경상
렌터카사고,2022122400100323,2022년 12월 24일 16시,토요일,부산광역시 수영구 광안동,경상사고,0,0,1,0,차대차 - 기타,교차로운행방법위반,건조,맑음,교차로 - 교차로안,승용,남,44세,상해없음,승용,남,39세,경상
렌터카사고,2.02212E+15,2022년 12월 24일 18시,토요일,부산광역시 중구 중앙동7가,경상사고,0,0,1,0,차대차 - 측면충돌,차로위반,건조,맑음,단일로 - 기타,승용,남,18세,상해없음,승용,남,57세,경상
렌터카사고,2.02212E+15,2022년 12월 25일 15시,일요일,부산광역시 부산진구 부전동,경상사고,0,0,1,0,차대차 - 측면충돌,안전거리미확보,건조,맑음,단일로 - 기타,승용,남,25세,상해없음,이륜,남,30세,경상
렌터카사고,2022122800100083,2022년 12월 28일 08시,수요일,부산광역시 서구 동대신동3가,경상사고,0,0,2,0,차대차 - 측면충돌,교차로운행방법위반,건조,맑음,교차로 - 교차로부근,승용,여,42세,경상,승용,남,28세,경상
렌터카사고,2022122800100486,2022년 12월 28일 19시,수요일,부산광역시 동래구 온천동,경상사고,0,0,1,0,차대차 - 정면충돌,안전운전불이행,건조,맑음,단일로 - 기타,승용,여,47세,상해없음,승용,여,59세,경상
렌터카사고,2022122900100267,2022년 12월 29일 14시,목요일,부산광역시 동래구 사직동,경상사고,0,0,1,0,차대차 - 기타,안전운전불이행,건조,맑음,단일로 - 기타,승용,여,36세,상해없음,승용,여,55세,경상
렌터카사고,2022122900100493,2022년 12월 29일 19시,목요일,부산광역시 사하구 다대동,경상사고,0,0,1,0,차대사람 - 횡단중,안전운전불이행,건조,맑음,단일로 - 지하차도(도로)내,승용,남,60세,상해없음,보행자,남,58세,경상
렌터카사고,2022123000100501,2022년 12월 30일 18시,금요일,부산광역시 부산진구 부전동,경상사고,0,0,1,0,차대사람 - 횡단중,보행자보호의무위반,건조,맑음,단일로 - 기타,승용,남,43세,상해없음,보행자,여,32세,경상
렌터카사고,2022123000100631,2022년 12월 30일 21시,금요일,부산광역시 수영구 남천동,경상사고,0,0,1,0,차대사람 - 기타,안전운전불이행,건조,맑음,단일로 - 기타,승용,남,30세,기타불명,보행자,남,53세,경상
렌터카사고,2022123100100226,2022년 12월 31일 13시,토요일,부산광역시 기장군 기장읍,중상사고,0,1,2,0,차대차 - 기타,신호위반,건조,맑음,교차로 - 교차로안,승용,남,24세,상해없음,승용,남,40세,경상